decision_id,decision_timestamp,agent_type,confidence,session_id,conversation_timestamp,source_path,anchor_turn,winning_turn,turn_start_timestamp,turn_end_timestamp,collaboration_mode,score,ranking_score,plan_bonus,reasoning_summary_bonus,score_margin,ranking_score_margin,plan_changed_winner,reasoning_summary_changed_winner,appears_unique,ambiguity,diagnostic_failure_mode
ms-38098d7a:d1,2026-06-14T17:18:00+00:00,codex,Medium,019ec6b5-1960-7332-b781-4f8192a2c53e,2026-06-14T15:16:57.905000+00:00,.codex/sessions/2026/06/14/rollout-2026-06-14T16-16-57-019ec6b5-1960-7332-b781-4f8192a2c53e.jsonl,16,15,2026-06-14T17:04:54.138Z,2026-06-14T17:05:26.773Z,plan,0.48052588418542347,0.5105258841854234,0.03,0.0,0.016900895624336276,0.04690089562433625,False,False,False,competitive second source window,multiple plausible source windows
ms-3cad2a35:d2,2026-06-14T15:52:00+00:00,codex,Medium,019ec6b5-1960-7332-b781-4f8192a2c53e,2026-06-14T15:16:57.905000+00:00,.codex/sessions/2026/06/14/rollout-2026-06-14T16-16-57-019ec6b5-1960-7332-b781-4f8192a2c53e.jsonl,6,5,2026-06-14T15:33:12.492Z,2026-06-14T15:36:52.699Z,plan,0.5244703173791595,0.5544703173791595,0.03,0.0,0.02928807795001742,0.02928807795001742,False,False,False,competitive second source window,multiple plausible source windows
mse_2b6c8d9f1h3j5k7m:d1,2026-07-01T01:14:00+00:00,codex,High,019f0b5e-267a-7263-8c5c-0f6fb130fe4b,2026-06-27T23:15:47.499000+00:00,.codex/sessions/2026/06/28/rollout-2026-06-28T00-15-47-019f0b5e-267a-7263-8c5c-0f6fb130fe4b.jsonl,53,53,2026-07-01T01:12:33.987Z,2026-07-01T01:18:33.973Z,default,0.4917710704718907,0.4917710704718907,0.0,0.0,0.07680742172045091,0.07680742172045091,False,False,True,,
mse_38b7jfjbwy8dfdtt:d1,2026-09-24T13:38:00+00:00,codex,Medium,01a0d10b-a924-7553-8f57-124c18a01a2a,2026-09-24T01:33:17.665000+00:00,.codex/sessions/2026/09/24/rollout-2026-09-24T02-33-17-01a0d10b-a924-7553-8f57-124c18a01a2a.jsonl,29,29,2026-09-24T12:42:10.304Z,2026-09-24T13:46:08.974Z,default,0.4342139531484299,0.4390737300790471,0.0,0.004859776930617194,0.12005974086077714,0.11019437308051122,False,False,True,,
mse_3hx7ym0qajvxm1w4:d2,2026-09-07T09:45:00+00:00,codex,Low,01a07b35-8201-7351-8328-108bce546ea0,2026-09-07T09:31:39.550000+00:00,.codex/sessions/2026/09/07/rollout-2026-09-07T10-31-39-01a07b35-8201-7351-8328-108bce546ea0.jsonl,1,1,2026-09-07T09:31:39.862Z,2026-09-07T09:47:44.663Z,default,0.3318340728097734,0.335320262949926,0.0,0.0034861901401525854,0.00485272319187946,0.007926298978301771,False,False,False,competitive second source window,multiple conversations discuss similar material
mse_3zb8patr1qwnxhay:d1,2026-07-08T22:28:00+00:00,codex,High,019f26b2-9813-7101-ac1c-baa49a3c8ad2,2026-07-03T06:37:53.882000+00:00,.codex/sessions/2026/07/03/rollout-2026-07-03T07-37-53-019f26b2-9813-7101-ac1c-baa49a3c8ad2.jsonl,108,108,2026-07-08T22:26:55.281Z,2026-07-09T16:53:03.844Z,default,0.5605525317674382,0.5605525317674382,0.0,0.0,0.21841399865544775,0.21841399865544775,False,False,True,,
mse_6tby0bkrj5e9p30v:d1,2026-07-16T10:44:00+00:00,codex,Medium,019f64ba-a828-7a83-909d-bef0998afdab,2026-07-15T07:43:07.213000+00:00,.codex/sessions/2026/07/15/rollout-2026-07-15T08-43-07-019f64ba-a828-7a83-909d-bef0998afdab.jsonl,39,39,2026-07-16T10:42:54.530Z,2026-07-16T10:49:29.342Z,default,0.43263206049549985,0.43263206049549985,0.0,0.0,0.13812512699134516,0.13812512699134516,False,False,True,,
mse_76fbjv3d7mxssad1:d1,2026-09-09T14:27:00+00:00,codex,Low,01a0868a-099d-79c2-b2b1-7ee69e475d18,2026-09-09T14:19:48.632000+00:00,.codex/sessions/2026/09/09/rollout-2026-09-09T15-19-48-01a0868a-099d-79c2-b2b1-7ee69e475d18.jsonl,1,1,2026-09-09T14:19:49.516Z,2026-09-09T14:36:32.656Z,default,0.3430926039936801,0.34559993166713093,0.0,0.0025073276734508465,0.047440383825603005,0.048796809801511076,False,False,False,competitive second source window,multiple conversations discuss similar material
mse_7h9y085yssjc18yq:d1,2026-09-06T13:06:00+00:00,codex,Medium,01a05ef9-96eb-7232-a0d7-71cf48d55c3a,2026-09-01T21:56:50.726000+00:00,.codex/sessions/2026/09/01/rollout-2026-09-01T22-56-50-01a05ef9-96eb-7232-a0d7-71cf48d55c3a.jsonl,120,120,2026-09-06T13:03:17.799Z,2026-09-06T13:18:39.124Z,default,0.38839147208286545,0.3891274012380489,0.0,0.0007359291551834276,0.09472631007476245,0.09362432742763949,False,False,True,,
mse_7q3vt0k8m2h5r9cw:d1,2026-09-05T17:15:00+00:00,codex,Low,01a05ef9-96eb-7232-a0d7-71cf48d55c3a,2026-09-01T21:56:50.726000+00:00,.codex/sessions/2026/09/01/rollout-2026-09-01T22-56-50-01a05ef9-96eb-7232-a0d7-71cf48d55c3a.jsonl,56,35,2026-09-05T15:04:19.458Z,2026-09-05T15:16:04.539Z,plan,0.30122273681362144,0.33447237227440385,0.03,0.0032496354607824012,0.01354706108437359,0.01679669654515603,False,False,False,competitive second source window,multiple conversations discuss similar material
mse_7yrpnx76kdd71ts4:d1,2026-09-06T12:00:00+00:00,codex,Low,01a05ef9-96eb-7232-a0d7-71cf48d55c3a,2026-09-01T21:56:50.726000+00:00,.codex/sessions/2026/09/01/rollout-2026-09-01T22-56-50-01a05ef9-96eb-7232-a0d7-71cf48d55c3a.jsonl,95,77,2026-09-05T23:22:00.916Z,2026-09-05T23:56:53.185Z,default,0.34893688034454073,0.3493297220121478,0.0,0.0003928416676070322,0.03125394380632823,0.028230992749383566,False,False,False,competitive second source window,multiple conversations discuss similar material
mse_7yrpnx76kdd71ts4:d2,2026-09-06T12:00:00+00:00,codex,Low,01a05ef9-96eb-7232-a0d7-71cf48d55c3a,2026-09-01T21:56:50.726000+00:00,.codex/sessions/2026/09/01/rollout-2026-09-01T22-56-50-01a05ef9-96eb-7232-a0d7-71cf48d55c3a.jsonl,95,77,2026-09-05T23:22:00.916Z,2026-09-05T23:56:53.185Z,default,0.3406103843911951,0.3412202144175729,0.0,0.0006098300263777627,0.053199652817254306,0.051170962469295256,False,False,False,competitive second source window,multiple conversations discuss similar material
mse_8e7e78fx4hspcfta:d2,2026-07-05T10:31:00+00:00,codex,High,019f26b2-9813-7101-ac1c-baa49a3c8ad2,2026-07-03T06:37:53.882000+00:00,.codex/sessions/2026/07/03/rollout-2026-07-03T07-37-53-019f26b2-9813-7101-ac1c-baa49a3c8ad2.jsonl,38,36,2026-07-05T08:30:53.205Z,2026-07-05T08:34:47.288Z,default,0.5349132690969749,0.5349132690969749,0.0,0.0,0.15800805571617693,0.15800805571617693,False,False,True,,
mse_8w5r7t9y2u4i6o8p:d1,2026-09-05T22:30:00+00:00,codex,Low,01a05ef9-96eb-7232-a0d7-71cf48d55c3a,2026-09-01T21:56:50.726000+00:00,.codex/sessions/2026/09/01/rollout-2026-09-01T22-56-50-01a05ef9-96eb-7232-a0d7-71cf48d55c3a.jsonl,68,68,2026-09-05T22:03:47.442Z,2026-09-05T22:53:06.704Z,default,0.3445969810357638,0.3449940885297093,0.0,0.00039710749394549193,0.01644394505581226,0.010450698815944126,False,False,False,competitive second source window,multiple conversations discuss similar material
mse_9n4p6q8r2s5t7v1w:d1,2026-07-01T01:32:00+00:00,codex,Medium,019f0b5e-267a-7263-8c5c-0f6fb130fe4b,2026-06-27T23:15:47.499000+00:00,.codex/sessions/2026/06/28/rollout-2026-06-28T00-15-47-019f0b5e-267a-7263-8c5c-0f6fb130fe4b.jsonl,56,56,2026-07-01T01:25:02.305Z,2026-07-01T17:41:25.387Z,default,0.4629343537262062,0.4629343537262062,0.0,0.0,0.11658412659549389,0.08658412659549392,False,False,True,,
mse_a58avhtbcy9djpa0:d1,2026-09-01T20:07:00+00:00,codex,Medium,01a0586d-acdd-7712-a9ac-cc47d26de49f,2026-08-31T15:26:17.993000+00:00,.codex/sessions/2026/08/31/rollout-2026-08-31T16-26-17-01a0586d-acdd-7712-a9ac-cc47d26de49f.jsonl,51,51,2026-09-01T18:46:01.907Z,2026-09-01T20:36:00.052Z,default,0.4764666042906424,0.4825455806081564,0.0,0.00607897631751395,0.17098988321481634,0.16985438191264035,False,False,True,,
mse_a68ddwhcna0ef86m:d1,2026-08-05T09:02:00+00:00,codex,Low,019fbeb0-1b29-72f1-a521-6882d819ff78,2026-08-01T18:57:20.350000+00:00,.codex/sessions/2026/08/01/rollout-2026-08-01T19-57-20-019fbeb0-1b29-72f1-a521-6882d819ff78.jsonl,42,42,2026-08-05T08:34:56.905Z,2026-08-05T09:37:23.516Z,default,0.42302893676825865,0.4259802063097476,0.0,0.002951269541488931,0.12352773522797628,0.12300725209310903,False,False,True,,"decision wording may be rewritten, synthesized across turns, or weakly distinctive"
mse_ak94rd4r1zna4bc7:d2,2026-09-07T19:15:00+00:00,codex,Low,01a07b5c-9d67-7471-892f-b2a972901565,2026-09-07T10:14:22.574000+00:00,.codex/sessions/2026/09/07/rollout-2026-09-07T11-14-22-01a07b5c-9d67-7471-892f-b2a972901565.jsonl,3,3,2026-09-07T11:39:48.785Z,2026-09-07T19:18:05.829Z,default,0.37002695111668354,0.37168291203130827,0.0,0.0016559609146247236,0.03186925304261351,0.03229763615812575,False,False,False,competitive second source window,multiple conversations discuss similar material
mse_cad6sznfsjwwj2ks:d1,2026-09-09T15:01:00+00:00,codex,Medium,01a0868a-099d-79c2-b2b1-7ee69e475d18,2026-09-09T14:19:48.632000+00:00,.codex/sessions/2026/09/09/rollout-2026-09-09T15-19-48-01a0868a-099d-79c2-b2b1-7ee69e475d18.jsonl,5,4,2026-09-09T14:44:23.082Z,2026-09-09T14:50:45.640Z,default,0.42457937867101553,0.42597477867868105,0.0,0.001395400007665527,0.11862588724413115,0.09532481748298288,False,False,True,,
mse_d3fzy8v88twq33nh:d1,2026-09-21T20:32:00+00:00,codex,Medium,01a0b600-7c89-70f2-a85a-c57aad5c5b26,2026-09-18T19:31:20.495000+00:00,.codex/sessions/2026/09/18/rollout-2026-09-18T20-31-20-01a0b600-7c89-70f2-a85a-c57aad5c5b26.jsonl,15,15,2026-09-21T20:21:14.260Z,2026-09-21T20:51:38.633Z,default,0.46967088128270656,0.46967088128270656,0.0,0.0,0.10372446452997619,0.09832436366384167,False,False,True,,
mse_ddba1ztxqhasfbwf:d1,2026-07-16T22:18:00+00:00,codex,Medium,019f64ba-a828-7a83-909d-bef0998afdab,2026-07-15T07:43:07.213000+00:00,.codex/sessions/2026/07/15/rollout-2026-07-15T08-43-07-019f64ba-a828-7a83-909d-bef0998afdab.jsonl,68,67,2026-07-16T21:56:18.190Z,2026-07-16T22:03:40.153Z,default,0.39578686217815456,0.40041897088511963,0.0,0.0046321087069650475,0.07563251402619409,0.07767461954350974,False,False,True,,
mse_djnwts4msn5r296n:d1,2026-07-07T12:03:00+00:00,codex,Low,019f26b2-9813-7101-ac1c-baa49a3c8ad2,2026-07-03T06:37:53.882000+00:00,.codex/sessions/2026/07/03/rollout-2026-07-03T07-37-53-019f26b2-9813-7101-ac1c-baa49a3c8ad2.jsonl,66,42,2026-07-05T18:46:36.739Z,2026-07-05T19:12:37.683Z,default,0.4465725904531236,0.4465725904531236,0.0,0.0,0.0074956009126512235,0.0074956009126512235,False,False,False,competitive second source window,multiple conversations discuss similar material
mse_ed8zaf52k3eyaxqv:d1,2026-06-15T01:43:00+00:00,codex,Low,019ec6b5-1960-7332-b781-4f8192a2c53e,2026-06-14T15:16:57.905000+00:00,.codex/sessions/2026/06/14/rollout-2026-06-14T16-16-57-019ec6b5-1960-7332-b781-4f8192a2c53e.jsonl,25,23,2026-06-15T01:16:27.567Z,2026-06-15T01:27:18.212Z,default,0.47885593250750375,0.47885593250750375,0.0,0.0,0.04131547390255369,0.03411502880948386,False,False,False,competitive second source window,multiple conversations discuss similar material
mse_eszq6qxf2jck32e8:d1,2026-06-27T19:37:00+00:00,codex,High,019f0a8c-6dfa-72f3-902a-fe8af9bcf875,2026-06-27T19:26:43.254000+00:00,.codex/sessions/2026/06/27/rollout-2026-06-27T20-26-43-019f0a8c-6dfa-72f3-902a-fe8af9bcf875.jsonl,3,3,2026-06-27T19:34:05.769Z,2026-06-27T22:23:00.617Z,default,0.48932760392363706,0.48932760392363706,0.0,0.0,0.23078287874416298,0.23078287874416298,False,False,True,,
mse_fdt9nfjrtfep0d7z:d1,2026-07-16T19:20:00+00:00,codex,Medium,019f64ba-a828-7a83-909d-bef0998afdab,2026-07-15T07:43:07.213000+00:00,.codex/sessions/2026/07/15/rollout-2026-07-15T08-43-07-019f64ba-a828-7a83-909d-bef0998afdab.jsonl,55,55,2026-07-16T19:05:03.001Z,2026-07-16T19:27:00.374Z,default,0.42200649231417514,0.42492929326856094,0.0,0.0029228009543857845,0.09964618367673578,0.0988842616717373,False,False,True,,
mse_fmwktrvekcphg1zk:d1,2026-09-14T22:45:00+00:00,codex,High,01a09d55-63ec-7b60-b798-70d6e888b869,2026-09-14T00:33:34.387000+00:00,.codex/sessions/2026/09/14/rollout-2026-09-14T01-33-34-01a09d55-63ec-7b60-b798-70d6e888b869.jsonl,37,37,2026-09-14T22:32:51.023Z,2026-09-14T23:04:37.264Z,default,0.5368305094678089,0.5393453285757676,0.0,0.0025148191079587055,0.11963935417676169,0.11888188474027467,False,False,True,,
mse_fn43c998br9cn2kv:d1,2026-08-18T14:24:00+00:00,codex,Medium,019ffb26-18bb-7b80-ba4c-3ea2e5a09da6,2026-08-13T12:43:25.865000+00:00,.codex/sessions/2026/08/13/rollout-2026-08-13T13-43-25-019ffb26-18bb-7b80-ba4c-3ea2e5a09da6.jsonl,33,33,2026-08-18T14:02:38.755Z,2026-08-18T14:49:11.603Z,default,0.4098881459642466,0.4135310269799439,0.0,0.0036428810156973425,0.14200939972864862,0.1410347608057007,False,False,True,,
mse_fx1gm0x6p1sts4y2:d1,2026-08-13T10:33:00+00:00,codex,Medium,019ffa3e-8c95-7292-8911-3c0d357a2bd9,2026-08-13T08:30:31.184000+00:00,.codex/sessions/2026/08/13/rollout-2026-08-13T09-30-31-019ffa3e-8c95-7292-8911-3c0d357a2bd9.jsonl,11,10,2026-08-13T10:03:45.931Z,2026-08-13T10:04:32.836Z,plan,0.40043022210995055,0.4304302221099505,0.03,0.0,0.007580598149945383,0.022383774906855947,False,False,False,competitive second source window,multiple plausible source windows
mse_g4ear2p6fdm1pbnp:d1,2026-07-18T21:17:00+00:00,codex,High,019f7680-61c8-7c11-896c-3a2097ede73f,2026-07-18T18:32:38+00:00,.codex/sessions/2026/07/18/rollout-2026-07-18T19-32-38-019f7680-61c8-7c11-896c-3a2097ede73f.jsonl,5,5,2026-07-18T21:06:31.556Z,2026-07-19T10:09:35.904Z,default,0.6365132110209856,0.6380414574143084,0.0,0.0015282463933228047,0.21102054293142386,0.21137893785401074,False,False,True,,
mse_jem7xd5yd771rkwq:d2,2026-09-07T20:52:00+00:00,codex,Low,01a07d8b-a44f-7290-b9fe-8e8d88a132e4,2026-09-07T20:24:58.854000+00:00,.codex/sessions/2026/09/07/rollout-2026-09-07T21-24-58-01a07d8b-a44f-7290-b9fe-8e8d88a132e4.jsonl,1,1,2026-09-07T20:24:59.482Z,2026-09-07T20:54:05.237Z,default,0.3616461791786761,0.3637083351318759,0.0,0.0020621559531997977,0.018924514950320492,0.0209866709035203,False,False,False,competitive second source window,multiple conversations discuss similar material
mse_jem7xd5yd771rkwq:d3,2026-09-07T20:52:00+00:00,codex,Low,01a07d8b-a44f-7290-b9fe-8e8d88a132e4,2026-09-07T20:24:58.854000+00:00,.codex/sessions/2026/09/07/rollout-2026-09-07T21-24-58-01a07d8b-a44f-7290-b9fe-8e8d88a132e4.jsonl,1,1,2026-09-07T20:24:59.482Z,2026-09-07T20:54:05.237Z,default,0.36792991042838874,0.36919869363497904,0.0,0.0012687832065902767,0.009913594425194405,0.011182377631784701,False,False,False,competitive second source window,multiple conversations discuss similar material
mse_jhvx67dygn06bk6t:d1,2026-09-06T22:30:00+00:00,codex,Low,01a05ef9-96eb-7232-a0d7-71cf48d55c3a,2026-09-01T21:56:50.726000+00:00,.codex/sessions/2026/09/01/rollout-2026-09-01T22-56-50-01a05ef9-96eb-7232-a0d7-71cf48d55c3a.jsonl,166,166,2026-09-06T21:28:12.766Z,2026-09-07T06:39:29.937Z,default,0.3873597869774233,0.3873597869774233,0.0,0.0,0.0007206143332140202,0.0007206143332140202,False,False,False,competitive second source window,multiple conversations discuss similar material
mse_jrnpgpb127aytmfn:d1,2026-07-16T09:30:00+00:00,codex,Medium,019f64ba-a828-7a83-909d-bef0998afdab,2026-07-15T07:43:07.213000+00:00,.codex/sessions/2026/07/15/rollout-2026-07-15T08-43-07-019f64ba-a828-7a83-909d-bef0998afdab.jsonl,36,36,2026-07-16T08:56:35.158Z,2026-07-16T10:35:18.396Z,default,0.4345158330349854,0.4345158330349854,0.0,0.0,0.18512256713382036,0.18434821189434453,False,False,True,,
mse_k6xq3f1d9n7v2hba:d1,2026-06-30T21:31:00+00:00,codex,Low,019f0b5e-267a-7263-8c5c-0f6fb130fe4b,2026-06-27T23:15:47.499000+00:00,.codex/sessions/2026/06/28/rollout-2026-06-28T00-15-47-019f0b5e-267a-7263-8c5c-0f6fb130fe4b.jsonl,45,45,2026-06-30T21:29:49.486Z,2026-06-30T21:55:47.252Z,default,0.33634776007289674,0.33634776007289674,0.0,0.0,0.10858733563216832,0.10858733563216832,False,False,True,,"decision wording may be rewritten, synthesized across turns, or weakly distinctive"
mse_km4e73px71s5jqg2:d1,2026-06-28T00:45:00+00:00,codex,Medium,019f0b5e-267a-7263-8c5c-0f6fb130fe4b,2026-06-27T23:15:47.499000+00:00,.codex/sessions/2026/06/28/rollout-2026-06-28T00-15-47-019f0b5e-267a-7263-8c5c-0f6fb130fe4b.jsonl,14,14,2026-06-28T00:40:58.897Z,2026-06-28T01:01:45.999Z,default,0.47185372560135513,0.47185372560135513,0.0,0.0,0.10772323875360879,0.10772323875360879,False,False,True,,
mse_kn36asmf96bf5tk1:d1,2026-09-18T23:54:00+00:00,codex,Low,01a0b600-7c89-70f2-a85a-c57aad5c5b26,2026-09-18T19:31:20.495000+00:00,.codex/sessions/2026/09/18/rollout-2026-09-18T20-31-20-01a0b600-7c89-70f2-a85a-c57aad5c5b26.jsonl,3,3,2026-09-18T23:22:55.042Z,2026-09-19T07:20:42.444Z,default,0.3837003803907969,0.3848468105788384,0.0,0.0011464301880415022,0.03865446270670497,0.03791908436747071,False,False,False,competitive second source window,multiple conversations discuss similar material
mse_myybjvx6pnscfdme:d2,2026-07-16T09:35:00+00:00,codex,Low,019f64ba-a828-7a83-909d-bef0998afdab,2026-07-15T07:43:07.213000+00:00,.codex/sessions/2026/07/15/rollout-2026-07-15T08-43-07-019f64ba-a828-7a83-909d-bef0998afdab.jsonl,36,36,2026-07-16T08:56:35.158Z,2026-07-16T10:35:18.396Z,default,0.36473651903376314,0.36473651903376314,0.0,0.0,0.17659602077357964,0.17584045221295116,False,False,True,,"decision wording may be rewritten, synthesized across turns, or weakly distinctive"
mse_ngwdpar27fjad246:d1,2026-07-12T10:44:00+00:00,codex,Low,019f26b2-9813-7101-ac1c-baa49a3c8ad2,2026-07-03T06:37:53.882000+00:00,.codex/sessions/2026/07/03/rollout-2026-07-03T07-37-53-019f26b2-9813-7101-ac1c-baa49a3c8ad2.jsonl,163,159,2026-07-12T10:22:26.825Z,2026-07-12T10:36:35.017Z,default,0.3233559635632039,0.3260055420086113,0.0,0.002649578445407441,0.009818145862039163,0.0076367078020013746,False,False,False,competitive second source window,multiple conversations discuss similar material
mse_nttx32yw5ejypz5m:d2,2026-08-18T14:38:00+00:00,codex,Medium,01a01494-2d86-7e43-a07d-1bffb2589f46,2026-08-18T11:14:10.605000+00:00,.codex/sessions/2026/08/18/rollout-2026-08-18T12-14-10-01a01494-2d86-7e43-a07d-1bffb2589f46.jsonl,6,6,2026-08-18T14:05:53.905Z,2026-08-18T14:42:41.665Z,default,0.41488608198463983,0.41488608198463983,0.0,0.0,0.10511576217690333,0.10511576217690333,False,False,True,,
mse_nw47r0vpcj5tr2pj:d1,2026-09-15T21:49:00+00:00,codex,Medium,01a0a6f9-0eb1-7651-a3ff-31d32535350d,2026-09-15T21:28:55.376000+00:00,.codex/sessions/2026/09/15/rollout-2026-09-15T22-28-55-01a0a6f9-0eb1-7651-a3ff-31d32535350d.jsonl,1,1,2026-09-15T21:28:56.634Z,2026-09-15T22:16:26.757Z,default,0.4206203902472837,0.42482554869125133,0.0,0.004205158443967618,0.05810556504462405,0.06231072348859168,False,False,False,competitive second source window,multiple plausible source windows
mse_qg9p71qx57rtq99n:d1,2026-08-21T21:23:00+00:00,codex,Low,01a02623-5ba1-7793-96d0-7e7f575afeb9,2026-08-21T21:04:06.715000+00:00,.codex/sessions/2026/08/21/rollout-2026-08-21T22-04-06-01a02623-5ba1-7793-96d0-7e7f575afeb9.jsonl,3,3,2026-08-21T21:14:53.104Z,2026-08-25T21:31:23.707Z,default,0.3942260086230661,0.3991543458747583,0.0,0.004928337251692164,0.09343113225987526,0.09539831494465151,False,False,True,,"decision wording may be rewritten, synthesized across turns, or weakly distinctive"
mse_rchj256dpbhf0wqg:d1,2026-06-28T00:35:00+00:00,codex,Medium,019f0b5e-267a-7263-8c5c-0f6fb130fe4b,2026-06-27T23:15:47.499000+00:00,.codex/sessions/2026/06/28/rollout-2026-06-28T00-15-47-019f0b5e-267a-7263-8c5c-0f6fb130fe4b.jsonl,12,12,2026-06-28T00:31:58.127Z,2026-06-28T00:38:13.102Z,default,0.4135503297161789,0.4135503297161789,0.0,0.0,0.060611451861013965,0.060611451861013965,False,False,False,competitive second source window,multiple plausible source windows
mse_rdtwf7sc4pexq9km:d1,2026-08-10T07:13:00+00:00,codex,Low,019fe379-dff4-7821-928c-3269d799a758,2026-08-08T22:24:03.210000+00:00,.codex/sessions/2026/08/08/rollout-2026-08-08T23-24-03-019fe379-dff4-7821-928c-3269d799a758.jsonl,14,14,2026-08-10T06:09:00.845Z,2026-08-10T07:23:05.828Z,default,0.3974636103548158,0.40004838243928115,0.0,0.002584772084465339,0.11776269800321315,0.11584347587306759,False,False,True,,"decision wording may be rewritten, synthesized across turns, or weakly distinctive"
mse_rsjbgk4qnyrtvv09:d1,2026-07-15T16:33:00+00:00,codex,Low,019f64ba-a828-7a83-909d-bef0998afdab,2026-07-15T07:43:07.213000+00:00,.codex/sessions/2026/07/15/rollout-2026-07-15T08-43-07-019f64ba-a828-7a83-909d-bef0998afdab.jsonl,6,3,2026-07-15T16:17:51.651Z,2026-07-15T16:21:54.990Z,default,0.365862846375989,0.36610551666700036,0.0,0.0002426702910114015,0.08538352259401172,0.08485817790471689,False,False,True,,"decision wording may be rewritten, synthesized across turns, or weakly distinctive"
mse_ssxkdsjq8d0knk4v:d1,2026-08-31T18:03:00+00:00,codex,Medium,01a0586d-acdd-7712-a9ac-cc47d26de49f,2026-08-31T15:26:17.993000+00:00,.codex/sessions/2026/08/31/rollout-2026-08-31T16-26-17-01a0586d-acdd-7712-a9ac-cc47d26de49f.jsonl,12,12,2026-08-31T16:23:35.240Z,2026-08-31T18:56:51.668Z,default,0.45551343084173695,0.4596240512004033,0.0,0.004110620358666339,0.05282210769818496,0.025093791407680366,False,False,False,competitive second source window,multiple plausible source windows
mse_t432rwfkvtrv0amt:d1,2026-09-10T12:09:00+00:00,codex,Medium,01a08641-81f0-77f1-83d3-298cd560f297,2026-09-10T08:08:08.115000+00:00,.codex/sessions/2026/09/10/rollout-2026-09-10T09-08-08-01a08641-81f0-77f1-83d3-298cd560f297_01a08a5c-1eb2-76f2-b472-742630d855c0.jsonl,12,12,2026-09-10T10:54:56.486Z,2026-09-10T12:32:02.451Z,default,0.43082873486666723,0.43437516321709485,0.0,0.003546428350427596,0.138660590523151,0.13564745871919237,False,False,True,,
mse_v7pdg66vgfbctyfj:d1,2026-06-27T22:59:00+00:00,codex,Low,019f0a8c-6dfa-72f3-902a-fe8af9bcf875,2026-06-27T19:26:43.254000+00:00,.codex/sessions/2026/06/27/rollout-2026-06-27T20-26-43-019f0a8c-6dfa-72f3-902a-fe8af9bcf875.jsonl,8,8,2026-06-27T22:44:52.533Z,2026-06-27T22:59:33.658Z,default,0.2712129415682781,0.2712129415682781,0.0,0.0,0.07221501204079644,0.07221501204079644,False,False,True,,"decision wording may be rewritten, synthesized across turns, or weakly distinctive"
mse_vjb1kgdq26c5b38y:d1,2026-08-13T12:25:00+00:00,codex,Medium,019ffa3e-8c95-7292-8911-3c0d357a2bd9,2026-08-13T08:30:31.184000+00:00,.codex/sessions/2026/08/13/rollout-2026-08-13T09-30-31-019ffa3e-8c95-7292-8911-3c0d357a2bd9.jsonl,16,16,2026-08-13T12:12:56.196Z,2026-08-13T12:33:59.170Z,default,0.41108806112180013,0.41108806112180013,0.0,0.0,0.09112794993420203,0.09112794993420203,False,False,True,,
mse_vpqwta8c6m8yj6nk:d1,2026-08-31T20:25:00+00:00,codex,Low,01a0586d-acdd-7712-a9ac-cc47d26de49f,2026-08-31T15:26:17.993000+00:00,.codex/sessions/2026/08/31/rollout-2026-08-31T16-26-17-01a0586d-acdd-7712-a9ac-cc47d26de49f.jsonl,24,24,2026-08-31T20:04:21.971Z,2026-08-31T20:37:50.890Z,default,0.37555230393532296,0.38077140040802604,0.0,0.005219096472703084,0.02194289785850262,0.02187971442683223,False,False,False,competitive second source window,multiple conversations discuss similar material
mse_xz1my3rvpf31r5tr:d1,2026-07-30T00:26:00+00:00,codex,No match,019fadcc-85d6-7142-b038-c6916abbeeb2,2026-07-29T12:14:49.965000+00:00,.codex/sessions/2026/07/29/rollout-2026-07-29T13-14-49-019fadcc-85d6-7142-b038-c6916abbeeb2.jsonl,24,21,2026-07-29T18:29:41.019Z,2026-07-29T19:11:04.862Z,default,0.21529542366796217,0.2176227912030237,0.0,0.0023273675350615084,0.0031544065661400778,0.004382784983816501,False,False,True,,no sufficiently similar conversation window in the temporal candidate set
mse_z61np2tq3zkg01ew:d1,2026-06-27T22:37:00+00:00,codex,Medium,019f0a8c-6dfa-72f3-902a-fe8af9bcf875,2026-06-27T19:26:43.254000+00:00,.codex/sessions/2026/06/27/rollout-2026-06-27T20-26-43-019f0a8c-6dfa-72f3-902a-fe8af9bcf875.jsonl,6,6,2026-06-27T22:36:54.084Z,2026-06-27T22:42:16.346Z,default,0.4351678370742688,0.4351678370742688,0.0,0.0,0.24221594994309592,0.24221594994309592,False,False,True,,
mse_z8tp67yhcrtkq110:d1,2026-06-27T22:42:00+00:00,codex,Medium,019f0a8c-6dfa-72f3-902a-fe8af9bcf875,2026-06-27T19:26:43.254000+00:00,.codex/sessions/2026/06/27/rollout-2026-06-27T20-26-43-019f0a8c-6dfa-72f3-902a-fe8af9bcf875.jsonl,6,6,2026-06-27T22:36:54.084Z,2026-06-27T22:42:16.346Z,default,0.41813440114269596,0.41813440114269596,0.0,0.0,0.22099942714647777,0.22099942714647777,False,False,True,,
mse_ztcsrx4hw0b6kxdv:d2,2026-06-15T19:13:00+00:00,codex,Medium,019ecca7-2cb6-7d53-85e4-7a45d3d68f9f,2026-06-15T18:59:28.690000+00:00,.codex/sessions/2026/06/15/rollout-2026-06-15T19-59-28-019ecca7-2cb6-7d53-85e4-7a45d3d68f9f.jsonl,1,1,2026-06-15T18:59:34.606Z,2026-06-15T21:20:22.039Z,default,0.41818486023740337,0.41818486023740337,0.0,0.0,0.13012639686587468,0.10012639686587471,False,False,True,,
