decision_id,decision_title,decision_timestamp,selected_rollout_id,selected_turn,matcher_confidence,gold_label,evidence_shape,source_role,coverage,selected_candidate_describes_decision,window_contains_any_cited_evidence,window_contains_all_cited_evidence,evidence_ref_count,parent_hops,rationale
ms-c0d56306:d1,D1 - Decision,2026-05-26T22:32:00+00:00,019e5f82-bca6-74f3-b226-422af8de505f,73,Medium,verified_source,single_turn,root_discussion,complete,True,True,True,1,0,The user asks about persistent local installation; the response distinguishes all four uv execution/install modes and proposes the documentation wording. This is direct discussion preceding the implementation record.
mse_03fpxwznab7efk1r:d1,D1 - Decision,2026-07-08T07:23:00+00:00,019f26b2-9813-7101-ac1c-baa49a3c8ad2,84,Medium,verified_source,multi_turn,root_discussion_and_implementation,complete,True,True,True,2,0,"The preceding turn supplies the explicit opt-out UX and compatibility rationale. The winner contains approval, implementation of none/no-prompt/reporting, and the deliberate deferral of broad mojibake repair."
mse_17d0qqh34a07qp5b:d2,D2 - Extend parent-first recovery and structural fusion to ADR events,2026-08-03T14:41:00+00:00,019fbeb0-1b29-72f1-a521-6882d819ff78,14,Medium,verified_source,multi_turn,root_plan_and_prior_implementation_discussion,complete,True,True,False,3,0,The winner explicitly specifies recoverable parent-first publication and structural ADR reconciliation with semantic conflicts. Earlier user instructions and implementation commentary establish the ordered write-safety rationale. Separate-writer/plain-text-merge rejection follows from these explicit constraints rather than a verbatim alternative sentence.
mse_1pnca07xsfs8tcay:d1,D1 - Publish assessment without changing proposal disposition,2026-08-21T21:10:00+00:00,01a02623-5ba1-7793-96d0-7e7f575afeb9,1,Medium,verified_source,single_turn,root_assessment_and_artifact_authoring,complete,True,True,True,1,0,"The request is for a separate reference assessment; the response explicitly preserves proposal dispositions. The assessment patch contains the coherent-thesis finding, bounded experiment recommendations, and rejection of unchanged control-plane promotion before any session-record drafting."
mse_30022b9j3aprw5ye:d1,D1 - Documentation: Make Reflection inventory Windows long-path safe,2026-09-19T13:08:00+00:00,01a0b600-7c89-70f2-a85a-c57aad5c5b26,9,Medium,verified_source,single_turn,root_diagnosis_and_implementation,complete,True,True,True,1,0,"The selected turn contains repair authorization, the failing lstat boundary, logical-path preservation, the refinement to the 260-character threshold, and the successful Reflection regression suite. These establish the implementation decision independently of the authored record."
mse_30v60e8c3xa380yd:d1,D1 - Documentation: Guarded merge blocked by user-owned inbox captures,2026-09-19T00:11:00+00:00,01a0b600-7c89-70f2-a85a-c57aad5c5b26,3,Low,verified_source,single_turn,root_execution_observation,complete,True,True,True,1,0,"The assistant identifies commit a4b51292 and preserved captures, then the actual guarded dry-run output refuses the merge and lists exactly the directory and two ZIP files. The later log payload is unnecessary to establish this status record."
mse_4f8g7h2j9k3m5n6p:d1,D1 - Decision,2026-07-07T10:35:00+00:00,019f26b2-9813-7101-ac1c-baa49a3c8ad2,56,Medium,verified_source,single_turn,root_discussion_and_implementation,complete,True,True,True,1,0,"The user requests proposal creation, lazy skill implementation, and completion. The selected turn explains layout versus usage guidance, live/seed registration and package inventory, and the Windows deletion workaround."
mse_542z3qn0azma9mmx:d1,D1 - Decision,2026-07-07T11:52:00+00:00,019f26b2-9813-7101-ac1c-baa49a3c8ad2,63,High,verified_source,single_turn,root_implementation_discussion,complete,True,True,True,1,0,"The winner explicitly folds D2 selection into the existing live/seed skill, retains its name/profile, updates registry and descriptions, completes the proposal, and keeps unsupported D2 sidecars outside scope. Evidence precedes the actual append around 11:35Z, despite the record's later heading time."
mse_6p7r8s9t2v3w4x5y:d2,D2 - Make checkpoint pressure multi-dimensional and preserve complete attribution,2026-09-05T22:00:00+00:00,01a05ef9-96eb-7232-a0d7-71cf48d55c3a,52,Low,verified_source,single_turn,root_plan,complete,True,True,True,1,0,"The selected plan specifies the calibrated entry/decision/file/churn signals, one-high-or-two-moderate warning rule, surfaced contracts, ten-new-entry ceiling, durable bulk reason, trailer preservation, and exclusion of historical references and sidecars. It is a planning source for the later implementation record."
mse_7a4k2xkra5cgb478:d1,D1 - Decision,2026-07-16T18:33:00+00:00,019f64ba-a828-7a83-909d-bef0998afdab,52,Medium,verified_source,single_turn,root_user_instruction,complete,True,True,True,1,0,The user explicitly says commit the new Inbox material for later triage. The assistant confirms intake-only treatment and seven files before writing the record.
mse_8jv73n6rqy9f3rp1:d1,D1 - Decision,2026-07-13T00:19:00+00:00,019f26b2-9813-7101-ac1c-baa49a3c8ad2,171,High,verified_source,single_turn,root_execution_and_conflict_resolution,complete,True,True,True,1,0,"The winner contains the user's update instruction, measured four-commit divergence, actual merge progression, the exact chronological conflict resolution, and confirmation that the merge completed before logging."
mse_9p4r6t8v1x3z5b7n:d1,D1 - Tie hook attribution to complete compiler activation evidence,2026-09-05T22:52:00+00:00,01a07386-c539-78e0-87f9-a6c47dff6f34,3,Low,partial_multi_turn,child_turn_with_parent_context,child_origin,complete local decision; pre-recording parent adoption unestablished,True,True,False,2,1,"Visible child commentary and patches establish every receipt binding, strict validation, tamper rejection, and the non-signature limitation before recording. The parent before child creation contains broader provenance planning, not this later review fix. The final child handoff occurs at 22:55:40Z, after the 22:52Z record; the strict adoption-before-recording condition is therefore unestablished."
mse_a0bxp5n1wcnsjxvw:d1,D1 - Split graph/workspace attention into B0a and B0b,2026-07-15T17:05:00+00:00,019f64ba-a828-7a83-909d-bef0998afdab,10,Medium,verified_source,multi_turn,root_plan_and_implementation,complete,True,True,True,2,0,"The preceding proposal explicitly separates B0a contracts/fixtures from B0b renderer/Inspector implementation to avoid building the UI twice. The winner records approval and application, including constitutional mappings and the optional provider tail."
mse_bdj36a1jzqxv8wpw:d1,D1 - Expose only the v1 foundation already merged,2026-09-08T06:41:00+00:00,01a07fb7-439c-7471-a58b-f482a239d7da,1,Medium,verified_source,single_turn,root_assessment_and_implementation,complete,True,True,True,1,0,"The user orders accurate status reconciliation and shared public adapters. The selected turn verifies the merged v1 foundation, patches explicit planned/public boundaries, implements the thin CLI adapter, and exercises the empty board read before the first append attempt."
mse_caj7ys6j6zbxp5rk:d1,D1 - Documentation: Clear source-capture blocker and identify Windows long-path blocker,2026-09-19T08:37:00+00:00,01a0b600-7c89-70f2-a85a-c57aad5c5b26,8,Medium,verified_source,multi_turn,root_authorization_and_execution,complete,True,True,False,3,0,"The winner establishes the final folder deletion, clean main, and long-path preflight failure. Backward traversal recovers ZIP equivalence, preserved source payloads, and separate explicit ZIP-deletion authorization. The entire record spans these turns."
mse_cj7z5neet732drqx:d1,D1 - Match replay identity to the signed v1 approval,2026-09-07T09:58:00+00:00,01a07b1f-583d-70f1-9bbe-451148a3a0e0,3,Medium,partial_multi_turn,child_turn_with_parent_context,child_origin,complete local decision; pre-recording parent adoption unestablished,True,True,False,2,1,"The child explicitly changes both nonce tuple versions from 2 to 1 and adds the signed-payload assertion, then reports six passing tests before recording. Creation-bounded parent evidence establishes only the broader v1 conversion. The final handoff is 09:59:53Z, after the 09:58Z record, so pre-recording adoption remains unestablished under the strict rubric."
mse_ddba1ztxqhasfbwf:d2,D2 - Give every Inbox idea one coherent owner,2026-07-16T22:18:00+00:00,019f64ba-a828-7a83-909d-bef0998afdab,66,Medium,verified_source,single_turn,root_assessment_and_plan,complete,True,True,True,1,0,"The winner's detailed disposition table specifies the four canonical plans, folds overlapping proposals into existing owners, defers the two named areas, archives/supersedes source material, and preserves B0b/provenance gates. It explicitly explains overlap and constitutional corrections before implementation."
mse_dpmr8p34a7ec6x43:d1,D1 - Decision: Publish the current integrated main branch,2026-09-22T19:39:00+00:00,01a0c882-5b0b-7270-bd74-071d6ef4888d,16,High,verified_source,single_turn,root_discussion_and_implementation,complete,True,True,True,1,0,User authorizes the normal fast-forward push; assistant executes and verifies remote equals local. No force push or release.
mse_ejpbz4qqsbdx0hvc:d1,D1 - Decision,2026-07-08T19:48:00+00:00,019f26b2-9813-7101-ac1c-baa49a3c8ad2,102,Medium,verified_source,single_turn,root_discussion_and_implementation,complete,True,True,True,1,0,User directs release preflight; assistant identifies the version mismatch and expressly stops short of publishing.
mse_eyx6tbqp42v8frg5:d1,D1 - Start retention only after validated chain close,2026-09-06T13:04:00+00:00,01a05ef9-96eb-7232-a0d7-71cf48d55c3a,117,Medium,verified_source,multi_turn,parent_synthesis,complete,False,True,True,3,0,"Backward scan before 13:05Z append cutoff finds lifecycle proposal, correction, independent approval, and parent adoption: validation, synthesis, and per-chain close precede retention. Selected turn 117 is the failed-review iteration, not the resolved rule."
mse_f29hkasxxz61ghw6:d1,D1 - The source oracle is frozen before scoring,2026-08-10T09:45:00+00:00,019fe379-dff4-7821-928c-3269d799a758,17,Medium,verified_source,multi_turn,parent_synthesis,complete,True,True,True,1,0,Parent records the frozen answer-key/review artifacts and fail-before-score enforcement after source-slice validation and independent review; accepted 60/60 before the causal cutoff.
mse_f82r85nq95zng55e:d1,D1 - Decision,2026-07-05T08:17:00+00:00,019f26b2-9813-7101-ac1c-baa49a3c8ad2,32,Low,verified_source,multi_turn,root_discussion_and_implementation,complete,True,True,True,1,0,"Causal sequence records the Memory Trail rename proposal, links it into active plans, and explicitly defers package/command names pending availability checks; selected turn closes out that decision."
mse_ffas1dmpbqpahr5p:d1,"D1 - Make the retrieval programme consistency, baseline, then component floors",2026-09-10T09:49:00+00:00,01a08a5c-1eb2-76f2-b472-742630d855c0,1,Low,verified_source,single_turn,root_discussion,complete,True,True,True,1,0,"User specifies consistency, baseline, then evidence-led exclusions; assistant accepts that retrieval-plan sequence."
mse_ffas1dmpbqpahr5p:d2,D2 - Allocate capability in planning and resolve models at dispatch,2026-09-10T09:49:00+00:00,01a08a5c-1eb2-76f2-b472-742630d855c0,3,Low,verified_source,multi_turn,root_discussion_and_implementation,complete,True,True,True,2,0,User agrees to put capability allocation into planning; assistant specifies task-level capability checks immediately before dispatch and updates the collaboration guidance.
mse_g3t3bbr0z5bprr6s:d1,D1 - Separate semantic safety from candidate-test quality,2026-08-18T09:35:00+00:00,019ffb26-18bb-7b80-ba4c-3ea2e5a09da6,27,Medium,verified_source,multi_turn,root_discussion_and_implementation,complete,True,True,True,2,0,"In the exact winner rollout, assistant proposes semantic safety as the primary v4 outcome and candidate-test discrimination as secondary; user approves and assistant adopts separate v4 while freezing v3."
mse_jmha2w491rh76z03:d1,D1 - Decision,2026-07-07T14:42:00+00:00,019f26b2-9813-7101-ac1c-baa49a3c8ad2,73,Medium,verified_source,single_turn,root_discussion_and_implementation,complete,True,True,True,1,0,User asks for a spec folder for the two docs; assistant distinguishes live normative specs from proposal lifecycle and defines its purpose/README.
mse_k57021by6y9b8yer:d1,D1 - Make Reflection Board operations dormant and reversible,2026-09-09T18:47:00+00:00,01a0868a-099d-79c2-b2b1-7ee69e475d18,16,Low,partial_multi_turn,multi_turn,root_implementation,partial,True,True,False,3,0,"Assistant repeatedly describes an approved reversible dormant mode and its read-only/mutation gate. Inspected pre-append evidence did not expose the originating user approval or complete causal exchange, so do not promote to verified."
mse_km8t9eaxvgh0j38x:d1,"D1 - Pin the committed LF oracle bytes, not the transient worktree bytes",2026-08-25T22:58:00+00:00,01a02623-5ba1-7793-96d0-7e7f575afeb9,9,Low,verified_source,single_turn,root_discussion_and_implementation,complete,True,True,True,1,0,"Candidate identifies the invalid transient CRLF-derived pin versus committed LF bytes and documents the scoped hash, wrapper, and metadata correction before cutoff."
mse_mjn0hcfh3vkvm715:d1,D1 - Require recursive carrier proof,2026-09-06T15:59:00+00:00,01a05ef9-96eb-7232-a0d7-71cf48d55c3a,130,Low,verified_source,multi_turn,parent_synthesis,complete,False,True,False,3,0,"Before 15:59Z cutoff, parent adopts recursive carrier proof and reviewer approves exact-hop provenance after the selected earlier review flagged missing ancestry bounds. Selected winner is the finding, not final resolution."
mse_mrrnd0wam54vjrpc:d2,D2 - Add positive keyword steering without case-sensitive misses,2026-09-14T01:45:00+00:00,01a09d55-63ec-7b60-b798-70d6e888b869,6,Medium,verified_source,multi_turn,root_discussion_and_implementation,complete,True,True,True,2,0,User refines draft terminology and requires case-insensitive lexical matching; assistant adopts DRAFTS and Unicode-normalized keyword/query/index design. User later authorizes implementation.
mse_p2dgz4af43dhxs4p:d1,D1 - Bootstrap durable choices through proposed ADRs before policy,2026-08-11T11:00:00+00:00,019feca6-9016-75d3-a0ea-a15280892247,5,Low,partial_multi_turn,multi_turn,root_discussion,partial,False,True,True,1,0,"The pre-cutoff user request and assessment establish the Constitution/ADR authority gap, but the exact full set of durable-concern classes and founding-ADR acceptance protocol are not causally evidenced in visible content before the append boundary."
mse_qgc90wxjngj6ss11:d1,D1 - Decision,2026-07-17T00:05:00+00:00,019f64ba-a828-7a83-909d-bef0998afdab,73,Low,verified_source,multi_turn,root_discussion_and_audit,complete,False,True,True,1,0,"Before append, the same logical task's audit distinguishes current Trace/UI tests from stale class names and the still-supported alias; decision preserves suites and retires only alias shims with alias removal. The selected turn itself precedes that confirming audit, so it is not the causal source."
mse_qrh0wtg81prbfqmn:d1,D1 - Pass the Reflection Board v1 launch gate,2026-09-08T15:36:00+00:00,01a07fb7-439c-7471-a58b-f482a239d7da,5,Low,partial_multi_turn,multi_turn,root_workstream,partial,True,True,True,1,0,"Before the 15:36 authoring boundary, the orchestrator record says the public launch gate passes pending its own integration, receipt finalization, and close; the applied result confirms that record. The subsequent close preview was not applied and reports missing receipts, so final lifecycle completion and expiry remain unsupported. The candidate captures the provisional launch decision, but not the full recorded disposition."
mse_r6tyarbkzz18st4w:d2,D2 - Read multi-decision entries through one equal-weight decision window,2026-07-31T13:21:00+00:00,019fb34e-dc09-7010-8233-4383756ab82e,13,High,verified_source,multi_turn,root_discussion_and_implementation,complete,True,True,True,2,0,User proposes one bounded decisions window and a selector that scrolls without hiding siblings; assistant endorses and specifies bottom/narrow layout behavior before implementation.
mse_rjkntwcd7qrc6yae:d1,D1 - Separate memory availability from confirmed rationale exposure,2026-08-14T16:40:00+00:00,019ffb26-18bb-7b80-ba4c-3ea2e5a09da6,17,High,verified_source,multi_turn,user+assistant,turns 16–17 before 2026-08-14T16:41:00Z cutoff,True,True,True,3,0,"Assistant proposes no-memory, normal-routing, and pushed-rationale arms with uptake checks; the user authorizes the approach; the selected turn develops the exact protocol."
mse_s5bjy5c7tq43zxbs:d1,D1 - Decision,2026-07-29T12:48:00+00:00,019fadcc-85d6-7142-b038-c6916abbeeb2,2,Medium,partial_multi_turn,implementation_closeout_without_full_rationale,assistant,"same logical task, turns 1–2 before append; no parent",False,True,True,2,0,"The candidate is clearly about topic-sidecar fusion, but visible messages chiefly describe implementation and test status. The initial technical rationale is referenced in an attachment not present in the permitted transcript evidence."
mse_sngrjb8vqmh3ap8q:d1,D1 - Decision,2026-07-10T02:34:00+00:00,019f26b2-9813-7101-ac1c-baa49a3c8ad2,132,High,verified_source,user_question_and_assistant_retrospective_decision,user+assistant,turn 132 before 2026-07-10T02:35:00Z cutoff,True,True,True,2,0,"The decision is a retrospective correction. The question and answer directly state the prior departure, why it happened, and the corrective judgment."
mse_sp421s7cxtrbfqha:d1,D1 - Decision,2026-07-17T00:17:00+00:00,019f64ba-a828-7a83-909d-bef0998afdab,75,Low,verified_source,implementation_plan_and_validation,assistant,turns 74–75 before 2026-07-17T00:18:00Z cutoff,True,True,True,2,0,"The candidate turn scopes the reusable workflow, release call-through, packaged-asset check, and preserved compatibility behavior; adjacent validation messages explain the constraints."
mse_sr9jqepsh66eynha:d3,D3 - MCP parity expands only through approved read-only twins,2026-08-10T20:00:00+00:00,019fed19-c317-7bb3-821b-29ea54559527,1,Low,child_result,child_completion_with_parent_search,assistant_child_result,child turn 1 before 2026-08-10T20:01Z; parent task 019feb41-a290-73d1-aba3-042493dd017e searched only to child metadata time 19:15:16Z,False,True,False,2,1,"The child completion names the three read-only MCP tools and their implementation, supporting the selected technical outcome. It is a child completion report rather than the originating approval and rationale; bounded parent search did not surface the exact decision."
mse_t4sapqa9bwfk5bfb:d1,"D1 - The retrieval null is an instrument finding, not evidence that identifiers add no value",2026-08-10T09:56:00+00:00,019fe379-dff4-7821-928c-3269d799a758,17,Medium,verified_source,audit_and_review_findings,assistant_review_result,turn 17 up to 2026-08-10T09:57Z; backward history within 72 hours,True,True,True,2,0,The conversation assembles the instrument diagnosis and decision to test exact identifiers on a fresh held-out set before the decision-minute cutoff.
mse_tjrmm9g13agj3js2:d1,D1 - Test a semantic implementation choice and its later reconstruction,2026-08-16T15:30:00+00:00,019ffb26-18bb-7b80-ba4c-3ea2e5a09da6,20,Medium,verified_source,user_request_and_design_response,user+assistant,turn 20 before 2026-08-16T15:31Z cutoff; same rollout as row 35,True,True,True,3,0,"The user directs a third experiment and the assistant specifies the case, exposure controls, semantic oracle, and maintainer replay before the decision timestamp."
mse_v048edjgmvk5mqsx:d1,D1 - Decision: Keep the hosted roadmap canonical while integrating the proposal pack,2026-09-21T21:33:00+00:00,01a0c5a6-0f63-7180-a747-7049de8353cf,5,Medium,verified_source,proposal_review_and_user_instruction,user+assistant,turns 3–5 through 2026-09-21T21:34Z; no parent,True,True,True,3,0,"The user asks to integrate proposals into the roadmap; the assistant keeps the hosted programme canonical, places the tournament in P1, defers other proposals, and archives reference essays."
mse_v26pem9hsvsbjbge:d3,D3 - Use reviewed local integration and retain publish gates,2026-07-16T00:02:00+00:00,019f64ba-a828-7a83-909d-bef0998afdab,18,Low,verified_source,integration_and_review_closeout,assistant_and_reviewer_result,turn 18 before 2026-07-16T00:03Z cutoff,True,True,True,2,0,The candidate's integration chronology and independent validation support the gated local landing; it explicitly preserves the no-push/no-publish approval boundary.
mse_vexkm8da35zj856x:d1,D1 - Decision,2026-06-29T20:37:00+00:00,019f0b5e-267a-7263-8c5c-0f6fb130fe4b,33,Medium,verified_source,implementation_observation_and_proposal,assistant,turns 33–35 through 2026-06-29T20:38Z,True,True,True,3,0,"The evidence links stale assets and hit-target checks to a developer-persona rule, rendered-UI skill, registry trigger, and browser-verification requirement."
mse_x8t3msqrjns07210:d1,D1 - Decision,2026-07-13T07:45:00+00:00,019f26b2-9813-7101-ac1c-baa49a3c8ad2,192,Low,verified_source,multi_turn,user+assistant,selected turn 192 before append boundary 2026-07-13T07:46:00Z; approval and implementation details are in that turn,True,True,True,4,0,"The selected turn begins with user approval and assistant scope, then establishes managed-hook refresh, status/repair commands, doctor/update integration, and foreign-hook preservation. The combined causal evidence fully supports the decision."
mse_xpjr3zv6wthje8sk:d1,D1 - Decision,2026-07-29T18:44:00+00:00,019fadcc-85d6-7142-b038-c6916abbeeb2,21,Low,verified_source,user_rule_and_compositional_proposal,user+assistant+readable_summary,turns 20–21 up to 2026-07-29T18:45Z,True,True,True,2,0,"The candidate states the compositional boundary: use Superpowers for the identified direct workflows while retaining Memory Seed-specific governance, worktree, memory, consent, and cleanup responsibilities."
mse_ypmrtzfmw4qwtbnn:d3,D3 - Keep contextual ontology choices concise and stable,2026-07-31T19:59:00+00:00,019fb34e-dc09-7010-8233-4383756ab82e,23,Low,verified_source,multi_turn_with_review_refinement,user+assistant+reviewer_result,turn 23 through 2026-07-31T20:00:00Z cutoff; no parent,True,True,True,5,0,The user makes authored sidecars authoritative and rejects link-derived context. Later review finds that display-edge toggles change scope; the task stabilizes scope on authored lifecycle edges while keeping empty contextual axes explicit.
mse_yqgwc39y2edbj9w5:d1,D1 - Preserve rejected historical records as reference evidence,2026-09-14T22:53:00+00:00,01a09d55-63ec-7b60-b798-70d6e888b869,37,Low,verified_source,authorization_and_course_correction,user+assistant,turn 37 through 2026-09-14T22:54Z; no parent,True,True,True,3,0,The merge gate rejects falsifying historical branch provenance. The candidate then changes course to restore live main files and preserve unique originals verbatim in a non-governing reference document.
mse_yvxv2af7yrvh4m78:d1,D1 - Correct v2 encoding and chain-scoped lifecycle,2026-09-06T21:40:00+00:00,01a076a1-ead7-7593-b170-45e5abf4563f,5,Medium,child_result,child_reviewer_finding_with_parent_search,assistant_child_review,child turn 5 before 2026-09-06T21:41Z; parent task 01a05ef9-96eb-7232-a0d7-71cf48d55c3a searched only to child creation at 2026-09-06T12:11:58Z,False,True,False,3,1,"The selected reviewer result identifies the 96-bit versus 100-bit correction and related schema issues. Parent history explains the temporary reflection/receipt lifecycle and authorizes another review, but does not contain this correction before child creation. A reviewer recommendation alone does not establish user acceptance."
mse_zt6g7hd176qy1kfn:d1,D1 - Decision,2026-07-07T11:20:00+00:00,019f26b2-9813-7101-ac1c-baa49a3c8ad2,59,Medium,verified_source,multi_turn_plan_and_acceptance,user+assistant,"decision-related turns 59–61 before 2026-07-07T11:21Z cutoff; same task, no parent",True,True,True,3,0,"The user requests skill profiles, CLI add/remove, listing ignored skills, and registry rewiring; the assistant proposes defaults and update semantics; the user then explicitly accepts the plan for implementation."
