decision_id,manual_status,session_id,turns,evidence_note
mse_17d0qqh34a07qp5b:d2,Found,019fbeb0-1b29-72f1-a521-6882d819ff78,14-15,Plan approval and implementation evidence before the decision record
mse_1pnca07xsfs8tcay:d1,Probable,01a02623-5ba1-7793-96d0-7e7f575afeb9,1,Spawned-agent assessment forwarded into the parent; source boundary needs adjudication
mse_30022b9j3aprw5ye:d1,Ambiguous,01a0b949-8c43-7852-bfa4-a32f55de990c,12,Only a later action-history wrapper was verified in the bounded pass
mse_4f8g7h2j9k3m5n6p:d1,Probable,019f26b2-9813-7101-ac1c-baa49a3c8ad2,56,Skill implementation completion in a long-running parent rollout
mse_542z3qn0azma9mmx:d1,Found,019f26b2-9813-7101-ac1c-baa49a3c8ad2,63,Mermaid and D2 guidance settled and implemented
mse_6p7r8s9t2v3w4x5y:d2,Probable,01a0739a-e217-7901-81dd-9b93851688c2,1,Review critique and related implementation evidence
mse_7a4k2xkra5cgb478:d1,Found,019f64ba-a828-7a83-909d-bef0998afdab,52,Direct request to commit Inbox documents for later triage
mse_8jv73n6rqy9f3rp1:d1,Found,019f26b2-9813-7101-ac1c-baa49a3c8ad2,171,Merge conflict resolution and completion with commit anchor
mse_9p4r6t8v1x3z5b7n:d1,Found,01a0739a-e217-7901-81dd-9b93851688c2,3,Compiled-packet and Evidence Pack receipt validation
mse_a0bxp5n1wcnsjxvw:d1,Found,019f64ba-a828-7a83-909d-bef0998afdab,9-10,B0a and B0b roadmap ordering settled
mse_cj7z5neet732drqx:d1,Unknown,,,No first-hand source corroborated in the bounded manual pass
mse_dpmr8p34a7ec6x43:d1,Unknown,,,No first-hand source corroborated in the bounded manual pass
mse_ejpbz4qqsbdx0hvc:d1,Unknown,,,No first-hand source corroborated in the bounded manual pass
mse_eyx6tbqp42v8frg5:d1,Unknown,,,No first-hand source corroborated in the bounded manual pass
mse_f29hkasxxz61ghw6:d1,Unknown,,,No first-hand source corroborated in the bounded manual pass
mse_f82r85nq95zng55e:d1,Unknown,,,No first-hand source corroborated in the bounded manual pass
mse_ffas1dmpbqpahr5p:d1,Unknown,,,No first-hand source corroborated in the bounded manual pass
mse_g3t3bbr0z5bprr6s:d1,Unknown,,,No first-hand source corroborated in the bounded manual pass
mse_km8t9eaxvgh0j38x:d1,Unknown,,,No first-hand source corroborated in the bounded manual pass
mse_mjn0hcfh3vkvm715:d1,Unknown,,,No first-hand source corroborated in the bounded manual pass
mse_r6tyarbkzz18st4w:d2,Probable,019fb34e-dc09-7010-8233-4383756ab82e,13,Design and implementation are distributed across the winning turn
mse_s5bjy5c7tq43zxbs:d1,Probable,019fadcc-85d6-7142-b038-c6916abbeeb2,2,Task context is real but strongest evidence is closeout provenance
mse_sp421s7cxtrbfqha:d1,Unknown,,,No first-hand source corroborated in the bounded manual pass
mse_tjrmm9g13agj3js2:d1,Unknown,,,No first-hand source corroborated in the bounded manual pass
mse_v048edjgmvk5mqsx:d1,Unknown,,,No first-hand source corroborated in the bounded manual pass
mse_x8t3msqrjns07210:d1,Probable,019f26b2-9813-7101-ac1c-baa49a3c8ad2,186-192,Hook status and managed repair in a long-running parent rollout
mse_yvxv2af7yrvh4m78:d1,Unknown,,,No first-hand source corroborated in the bounded manual pass
mse_zt6g7hd176qy1kfn:d1,Found,019f26b2-9813-7101-ac1c-baa49a3c8ad2,61,Direct user request to implement skill profiles and CLI management
