decision_id,gold_label,search_universe_turns,source_scope_turns,fixed_radius_2_turns,fixed_radius_2_any_evidence,fixed_radius_2_all_evidence,backward_5_turns,backward_5_any_evidence,backward_5_all_evidence,backward_12_turns,backward_12_any_evidence,backward_12_all_evidence,plan_adaptive_12_turns,plan_adaptive_12_any_evidence,plan_adaptive_12_all_evidence,plan_lineage_adaptive_12_turns,plan_lineage_adaptive_12_any_evidence,plan_lineage_adaptive_12_all_evidence,lineage_backward_12_turns,lineage_backward_12_any_evidence,lineage_backward_12_all_evidence,lineage_backward_20_turns,lineage_backward_20_any_evidence,lineage_backward_20_all_evidence
ms-c0d56306:d1,verified_source,74,74,5,True,True,7,True,True,14,True,True,5,True,True,5,True,True,14,True,True,22,True,True
mse_03fpxwznab7efk1r:d1,verified_source,55,54,5,True,True,8,True,True,15,True,True,8,True,True,8,True,True,15,True,True,23,True,True
mse_17d0qqh34a07qp5b:d2,verified_source,47,15,5,True,False,7,True,False,14,True,True,5,True,False,5,True,False,14,True,True,16,True,True
mse_1pnca07xsfs8tcay:d1,verified_source,2,1,3,True,True,3,True,True,3,True,True,3,True,True,3,True,True,3,True,True,3,True,True
mse_30022b9j3aprw5ye:d1,verified_source,69,9,5,True,True,8,True,True,11,True,True,8,True,True,8,True,True,11,True,True,11,True,True
mse_30v60e8c3xa380yd:d1,verified_source,80,3,5,True,True,5,True,True,5,True,True,5,True,True,5,True,True,5,True,True,5,True,True
mse_4f8g7h2j9k3m5n6p:d1,verified_source,42,42,5,True,True,8,True,True,15,True,True,8,True,True,8,True,True,15,True,True,23,True,True
mse_542z3qn0azma9mmx:d1,verified_source,49,49,5,True,True,8,True,True,15,True,True,6,True,True,6,True,True,15,True,True,23,True,True
mse_6p7r8s9t2v3w4x5y:d2,verified_source,123,65,5,True,True,11,True,True,18,True,True,11,True,True,11,True,True,18,True,True,21,True,True
mse_7a4k2xkra5cgb478:d1,verified_source,89,52,5,True,True,8,True,True,15,True,True,8,True,True,8,True,True,15,True,True,23,True,True
mse_8jv73n6rqy9f3rp1:d1,verified_source,45,45,5,True,True,8,True,True,15,True,True,8,True,True,8,True,True,15,True,True,23,True,True
mse_9p4r6t8v1x3z5b7n:d1,partial_multi_turn,135,68,4,True,False,4,True,False,4,True,False,4,True,False,10,True,False,17,True,False,25,True,True
mse_a0bxp5n1wcnsjxvw:d1,verified_source,49,10,5,True,True,8,True,True,12,True,True,8,True,True,8,True,True,12,True,True,12,True,True
mse_bdj36a1jzqxv8wpw:d1,verified_source,989,1,3,True,True,3,True,True,3,True,True,3,True,True,3,True,True,3,True,True,3,True,True
mse_caj7ys6j6zbxp5rk:d1,verified_source,84,8,5,True,False,8,True,True,10,True,True,8,True,True,8,True,True,10,True,True,10,True,True
mse_cj7z5neet732drqx:d1,partial_multi_turn,326,170,3,True,False,3,True,False,3,True,False,3,True,False,9,True,True,16,True,True,24,True,True
mse_ddba1ztxqhasfbwf:d2,verified_source,102,68,5,True,True,6,True,True,13,True,True,6,True,True,6,True,True,13,True,True,21,True,True
mse_dpmr8p34a7ec6x43:d1,verified_source,107,16,5,True,True,8,True,True,15,True,True,8,True,True,8,True,True,15,True,True,18,True,True
mse_ejpbz4qqsbdx0hvc:d1,verified_source,60,59,5,True,True,8,True,True,15,True,True,8,True,True,8,True,True,15,True,True,23,True,True
mse_eyx6tbqp42v8frg5:d1,verified_source,210,118,5,True,True,6,True,True,13,True,True,6,True,True,6,True,True,13,True,True,21,True,True
mse_f29hkasxxz61ghw6:d1,verified_source,96,17,4,True,True,7,True,True,14,True,True,13,True,True,13,True,True,14,True,True,18,True,True
mse_f82r85nq95zng55e:d1,verified_source,42,34,5,True,True,6,True,True,13,True,True,6,True,True,6,True,True,13,True,True,21,True,True
mse_ffas1dmpbqpahr5p:d1,verified_source,1091,105,3,True,True,6,True,True,13,True,True,6,True,True,6,True,True,13,True,True,21,True,True
mse_ffas1dmpbqpahr5p:d2,verified_source,1091,105,5,True,True,7,True,True,14,True,True,7,True,True,7,True,True,14,True,True,22,True,True
mse_g3t3bbr0z5bprr6s:d1,verified_source,56,10,5,True,True,8,True,True,15,True,True,8,True,True,8,True,True,15,True,True,23,True,True
mse_jmha2w491rh76z03:d1,verified_source,56,55,5,True,True,8,True,True,15,True,True,8,True,True,8,True,True,15,True,True,23,True,True
mse_k57021by6y9b8yer:d1,partial_multi_turn,1094,16,5,True,False,8,True,False,15,True,True,8,True,False,8,True,False,15,True,True,18,True,True
mse_km8t9eaxvgh0j38x:d1,verified_source,6,6,5,True,True,8,True,True,11,True,True,8,True,True,8,True,True,11,True,True,11,True,True
mse_mjn0hcfh3vkvm715:d1,verified_source,246,141,5,True,False,11,True,False,16,True,True,11,True,False,11,True,False,16,True,True,21,True,True
mse_mrrnd0wam54vjrpc:d2,verified_source,56,7,5,True,True,7,True,True,8,True,True,5,True,True,5,True,True,8,True,True,8,True,True
mse_p2dgz4af43dhxs4p:d1,partial_multi_turn,156,5,5,True,True,7,True,True,7,True,True,7,True,True,7,True,True,7,True,True,7,True,True
mse_qgc90wxjngj6ss11:d1,verified_source,108,74,5,True,True,7,True,True,14,True,True,7,True,True,7,True,True,14,True,True,22,True,True
mse_qrh0wtg81prbfqmn:d1,partial_multi_turn,993,5,5,True,True,7,True,True,7,True,True,5,True,True,5,True,True,7,True,True,7,True,True
mse_r6tyarbkzz18st4w:d2,verified_source,75,13,5,True,True,8,True,True,15,True,True,8,True,True,8,True,True,15,True,True,15,True,True
mse_rjkntwcd7qrc6yae:d1,verified_source,49,17,5,True,True,8,True,True,15,True,True,8,True,True,8,True,True,15,True,True,19,True,True
mse_s5bjy5c7tq43zxbs:d1,partial_multi_turn,5,2,4,True,True,4,True,True,4,True,True,4,True,True,4,True,True,4,True,True,4,True,True
mse_sngrjb8vqmh3ap8q:d1,verified_source,89,82,5,True,True,8,True,True,15,True,True,10,True,True,10,True,True,15,True,True,23,True,True
mse_sp421s7cxtrbfqha:d1,verified_source,109,75,5,True,True,8,True,True,15,True,True,8,True,True,8,True,True,15,True,True,23,True,True
mse_sr9jqepsh66eynha:d3,child_result,150,10,2,True,False,2,True,False,2,True,False,2,True,False,8,True,True,10,True,True,10,True,True
mse_t4sapqa9bwfk5bfb:d1,verified_source,98,17,4,True,True,7,True,True,14,True,True,13,True,True,13,True,True,14,True,True,18,True,True
mse_tjrmm9g13agj3js2:d1,verified_source,15,15,5,True,True,8,True,True,15,True,True,8,True,True,8,True,True,15,True,True,22,True,True
mse_v048edjgmvk5mqsx:d1,verified_source,35,5,5,True,True,7,True,True,7,True,True,7,True,True,7,True,True,7,True,True,7,True,True
mse_v26pem9hsvsbjbge:d3,verified_source,81,18,5,True,True,8,True,True,15,True,True,8,True,True,8,True,True,15,True,True,20,True,True
mse_vexkm8da35zj856x:d1,verified_source,47,35,5,True,True,6,True,True,13,True,True,6,True,True,6,True,True,13,True,True,21,True,True
mse_x8t3msqrjns07210:d1,verified_source,47,47,5,True,True,8,True,True,15,True,True,8,True,True,8,True,True,15,True,True,23,True,True
mse_xpjr3zv6wthje8sk:d1,verified_source,24,21,5,True,True,8,True,True,15,True,True,8,True,True,8,True,True,15,True,True,23,True,True
mse_ypmrtzfmw4qwtbnn:d3,verified_source,100,23,5,True,True,8,True,True,15,True,True,8,True,True,8,True,True,15,True,True,23,True,True
mse_yqgwc39y2edbj9w5:d1,verified_source,85,37,3,True,True,6,True,True,13,True,True,6,True,True,6,True,True,13,True,True,21,True,True
mse_yvxv2af7yrvh4m78:d1,child_result,272,101,5,True,False,7,True,False,7,True,False,7,True,False,13,True,True,20,True,True,28,True,True
mse_zt6g7hd176qy1kfn:d1,verified_source,47,47,5,True,True,6,True,True,13,True,True,5,True,True,5,True,True,13,True,True,21,True,True
