mse_wsp03dkgg693vhdm	NONE	proposal-lifecycle
mse_rqyj0ihl4whwqj19	TRACE-WIDE	ui-design
mse_p8s3vqe1m6yjt4hk	TRACE-WIDE	ui-design
mse_n3bw6rkq0e8t2ypc	trail	ui-design
mse_a5jm2wxr9k4h7pcv	trail	ui-design
mse_u7qs3xnw5c2j9kbf	trail	ui-design
mse_h8tn4qkw2v6x9rdj	TRACE-WIDE	ui-design
mse_b4rw7xkq2n9t5jmc	NONE	proposal-lifecycle
mse_0s72ejyxnympz5mw	NONE	proposal-lifecycle
mse_903ba3x1hzt413e3	trail	bugfix
mse_jt2rs0r4k609vx7n	trail	ui-design
mse_wnnth4y2f6wt997j	trace-cache	ui-design
mse_ktw9r3nq5bvx2plm	lifecycle-edges	process-correction
mse_7s0y6pyk4bt70y1e	seed-other	process-correction
mse_ztxbv2cwtjt19k3g	trail	bugfix
mse_860h4ksbvn69nb1y	TRACE-WIDE	ui-design
mse_znsxhpkrw39j0mwn	trace-cache	performance
mse_rsjbgk4qnyrtvv09	NONE	proposal-lifecycle
mse_a0bxp5n1wcnsjxvw	NONE	proposal-lifecycle
mse_7a4k2xkra5cgb478	NONE	proposal-lifecycle
mse_mazbt6cek8m8a6st	NONE	proposal-lifecycle
mse_5eq8n71dwdrxamyr	seed-other	bugfix
mse_r7s0ge30y84n2acz	trail	ui-design
mse_a6aay3h1m8dpe15c	TRACE-WIDE	ui-design
mse_av81ew76vbtyezwc	graph	bugfix
mse_g4ear2p6fdm1pbnp	NONE	proposal-lifecycle
mse_wvz8qtkgjcwfwzej	TRACE-WIDE	ui-design
mse_xeg5dfcrkpm4zmm3	NONE	proposal-lifecycle
mse_dgc0zvchsqpvjpe7	trail	ui-design
mse_hes5ccf8bj33rykn	trail	ui-design
mse_wnbpwewm6h07t9kp	TRACE-WIDE	git-workflow
mse_x8v8hw00cpj1sm5q	NONE	git-workflow
mse_nkcxej5kfq1st2q7	trace-harness	process-correction
mse_xee3vdwckhh0smx8	graph	ui-design
mse_b4d0npvjmznd1evs	TRACE-WIDE	ui-design
mse_t5bbdstgmqzagn2y	trail	ui-design
mse_zwzdjn0m9e34gdth	diagram-view	ui-design
mse_806hkjg88tmjqxnf	graph	ui-design
mse_e7awdxceskrmajdd	trace-harness	bugfix
