ms-5e1a9d44	seed
ms-757053d4	seed
ms-9f3a2b1c	seed
ms-a7d29f64	seed
mse_07vwfbgsk31ec7d6	seed
mse_1kqnv1xns0h2zws5	seed
mse_1yk6gw5chvv6xks5	seed
mse_29nz4gff2rct0mt3	trail
mse_2rvggg1jy6y4m1g3	seed
mse_35symm8vj8mp4npf	trace-api
mse_42xwbxbv50phwb6b	trace-api
mse_4yrmdvezk56ymaba	seed
mse_5nr2pvjyrs92bvj2	seed
mse_5p94m2c3rwy7kbtj	seed
mse_6bmkhqwaax1wh0z3	TRACE-WIDE
mse_6dajf1mcs1jtpj78	seed
mse_74ddxsena9nj2afk	seed
mse_74f1jkr8rv4b7hrp	graph
mse_74fb71s2cdrwqrqp	trail
mse_76r59d5yxcqy0kb8	seed
mse_7e4ys7htsj90qv2c	seed
mse_7qfd6tx63txn9v3v	graph
mse_86mvcfdmcfjqmrvv	diagram-view
mse_9ca5mpekppn3b1y1	graph
mse_9tbvf1ddxzb05jh3	seed
mse_9xfpvhqrm44jedce	TRACE-WIDE
mse_aja6sm9019315yh1	graph
mse_ay5tctkhx0218sn9	seed
mse_b1q6bjqv5w1zyn2k	seed
mse_b2nfkj9yen3x4qvc	seed
mse_b4d0npvjmznd1evs	TRACE-WIDE
mse_b7jq04zhmc059v4n	trace-harness
mse_bfaa3ef75wgccys2	graph
mse_c86qbwe1xp2sctq3	seed
mse_cwnx1w43rd691aqh	TRACE-WIDE
mse_de179b4x508f5pws	seed
mse_dve8x9msjgpbp1t1	seed
mse_e7awdxceskrmajdd	trace-harness
mse_ehm67mqpmsqm00md	seed
mse_emv963patckeftx8	inspector
mse_es1eqa0gpnyptxa0	seed
mse_etm5m5682sseasgm	seed
mse_f69c5dtmxjgmp0p2	seed
mse_f6dawj425pp6q4mp	seed
mse_f8qh5388msxbd0mn	seed
mse_f8ywqzzwke72rdv0	trace-api
mse_g66n6kqy14x034de	seed
mse_g7rqva6p0e33ysbc	seed
mse_h4z4qr0j290wdq0e	trace-api
mse_hes5ccf8bj33rykn	TRACE-WIDE
mse_hexq9x671dww29te	seed
mse_j3cter1s020d55mh	trail
mse_km4e73px71s5jqg2	seed
mse_m6nrb8v2x05bv0hm	seed
mse_n772fyg0av4zrcqv	seed
mse_n8yj9v0yv2jyg37a	seed
mse_nbxa1eccvphjr83e	seed
mse_nd6b2njhr0pw835z	seed
mse_nkcxej5kfq1st2q7	trace-harness
mse_ntdqdynf37akrdk3	graph
mse_ntkt6m0pqd0g8c9j	seed
mse_ptfk5epzwmqy5stk	trace-api
mse_qyp5p2w8z1gtmb37	graph
mse_r0r8kpbcj5meb2rm	graph
mse_r5m6rdypd34dz9j0	graph
mse_r7s0ge30y84n2acz	trail
mse_rchj256dpbhf0wqg	seed
mse_rx13gpyr398vh0gf	seed
mse_s0rh0b60tv8ssjzd	seed
mse_sewpap8b4q6sb0zj	TRACE-WIDE
mse_sxyp8xf0v84d07w6	TRACE-WIDE
mse_t388apx6evvmmd1r	seed
mse_tttwp31gjv8g409d	TRACE-WIDE
mse_tx1c338ca1ybr666	seed
mse_v26pem9hsvsbjbge	seed
mse_v5xk4qx6a9638hgn	graph
mse_wb6d4gmjpmrj0k67	trace-api
mse_wea84bvvv52mcy6e	trail
mse_wj8p66t3v1pbpzth	seed
mse_wk3e5p73shz4edbb	seed
mse_ws2prm8b5ec525ye	TRACE-WIDE
mse_wv9pzg6ayy0wa61j	inspector
mse_xmtax6v2sn6hybzk	graph
mse_ynmnn99kgmqmec5r	seed
mse_zm2h343r4shfre3j	trail
mse_zs8atby9rtgnfkms	seed
mse_zx704zcr1sd3k91n	seed