mse_wsp03dkgg693vhdm	tooling-evaluation
mse_rqyj0ihl4whwqj19	ui-design
mse_p8s3vqe1m6yjt4hk	ui-design
mse_n3bw6rkq0e8t2ypc	ui-design
mse_a5jm2wxr9k4h7pcv	ui-design
mse_u7qs3xnw5c2j9kbf	ui-design
mse_h8tn4qkw2v6x9rdj	ui-design
mse_b4rw7xkq2n9t5jmc	proposal-lifecycle
mse_0s72ejyxnympz5mw	proposal-lifecycle
mse_903ba3x1hzt413e3	bugfix
mse_jt2rs0r4k609vx7n	ui-design
mse_wnnth4y2f6wt997j	ui-design
mse_ktw9r3nq5bvx2plm	git-workflow
mse_7s0y6pyk4bt70y1e	agent-collaboration
mse_ztxbv2cwtjt19k3g	bugfix
mse_860h4ksbvn69nb1y	ui-design
mse_znsxhpkrw39j0mwn	performance
mse_rsjbgk4qnyrtvv09	proposal-lifecycle
mse_a0bxp5n1wcnsjxvw	proposal-lifecycle
mse_7a4k2xkra5cgb478	proposal-lifecycle
mse_mazbt6cek8m8a6st	proposal-lifecycle
mse_5eq8n71dwdrxamyr	bugfix
mse_r7s0ge30y84n2acz	ui-design
mse_a6aay3h1m8dpe15c	ui-design
mse_av81ew76vbtyezwc	bugfix
mse_g4ear2p6fdm1pbnp	proposal-lifecycle
mse_wvz8qtkgjcwfwzej	ui-design
mse_xeg5dfcrkpm4zmm3	proposal-lifecycle
mse_dgc0zvchsqpvjpe7	ui-design
mse_hes5ccf8bj33rykn	ui-design
mse_wnbpwewm6h07t9kp	git-workflow
mse_x8v8hw00cpj1sm5q	git-workflow
mse_nkcxej5kfq1st2q7	tooling-evaluation
mse_xee3vdwckhh0smx8	ui-design
mse_b4d0npvjmznd1evs	ui-design
mse_t5bbdstgmqzagn2y	ui-design
mse_zwzdjn0m9e34gdth	ui-design
mse_806hkjg88tmjqxnf	ui-design
mse_e7awdxceskrmajdd	bugfix