mse_wsp03dkgg693vhdm	NONE
mse_rqyj0ihl4whwqj19	TRACE-WIDE
mse_p8s3vqe1m6yjt4hk	TRACE-WIDE
mse_n3bw6rkq0e8t2ypc	trail
mse_a5jm2wxr9k4h7pcv	trail
mse_u7qs3xnw5c2j9kbf	trail
mse_h8tn4qkw2v6x9rdj	TRACE-WIDE
mse_b4rw7xkq2n9t5jmc	trace-harness
mse_0s72ejyxnympz5mw	NONE
mse_903ba3x1hzt413e3	trail
mse_jt2rs0r4k609vx7n	trail
mse_wnnth4y2f6wt997j	trace-cache
mse_ktw9r3nq5bvx2plm	lifecycle-edges
mse_7s0y6pyk4bt70y1e	seed-other
mse_ztxbv2cwtjt19k3g	trail
mse_860h4ksbvn69nb1y	trail
mse_znsxhpkrw39j0mwn	trace-cache
mse_rsjbgk4qnyrtvv09	NONE
mse_a0bxp5n1wcnsjxvw	NONE
mse_7a4k2xkra5cgb478	NONE
mse_mazbt6cek8m8a6st	NONE
mse_5eq8n71dwdrxamyr	trace-api
mse_r7s0ge30y84n2acz	trail
mse_a6aay3h1m8dpe15c	TRACE-WIDE
mse_av81ew76vbtyezwc	graph
mse_g4ear2p6fdm1pbnp	NONE
mse_wvz8qtkgjcwfwzej	TRACE-WIDE
mse_xeg5dfcrkpm4zmm3	NONE
mse_dgc0zvchsqpvjpe7	trail
mse_hes5ccf8bj33rykn	trace-harness
mse_wnbpwewm6h07t9kp	TRACE-WIDE
mse_x8v8hw00cpj1sm5q	NONE
mse_nkcxej5kfq1st2q7	trace-harness
mse_xee3vdwckhh0smx8	graph
mse_b4d0npvjmznd1evs	TRACE-WIDE
mse_t5bbdstgmqzagn2y	trail
mse_zwzdjn0m9e34gdth	diagram-view
mse_806hkjg88tmjqxnf	graph
mse_e7awdxceskrmajdd	trace-harness