mse_03bwbpzck2qdkeh7	docs-lifecycle
mse_1cabc5sw1g4hkb25	lifecycle-edges
mse_1gcbzv5w9cgw7bga	OTHER-ROOT
mse_1ghkqp2qa8e926nx	docs-lifecycle
mse_1ryp0gf7vhqyhkdf	OTHER-ROOT
mse_1wz44tdd04pt5yx4	lifecycle-edges
mse_1yk6gw5chvv6xks5	OTHER-ROOT
mse_25zzy3cmdjgrsf69	topic-vocabulary
mse_27jbk0z5nkg4jabe	OTHER-ROOT
mse_3d80z4k6hb4rftq1	test-suite
mse_3e63pfckz4rzkw25	lifecycle-edges
mse_3rxfe786hwape4hs	lifecycle-edges
mse_42xwbxbv50phwb6b	OTHER-ROOT
mse_46ztm2fr5t1x1nhv	test-suite
mse_49j7822hdwsnm517	lifecycle-edges
mse_4cbv09gbm3m1k1xt	lifecycle-edges
mse_4f16xe7ztx7dwvgx	lifecycle-edges
mse_4nahwc2p4r7r0smd	test-suite
mse_58rgfg4n8vfqbvfw	lifecycle-edges
mse_5c6v18dw5c47a2pf	test-suite
mse_5nr2pvjyrs92bvj2	docs-lifecycle
mse_5yk4ewb14hpvyxjs	lifecycle-edges
mse_5zg50mzrmtx80c80	docs-lifecycle
mse_61bnt9ty6rfgpw1e	docs-lifecycle
mse_67y44fsj2srz0eyz	lifecycle-edges
mse_6cec6ad63n5wtpr1	lifecycle-edges
mse_6pj7hkwwp5va9jaq	OTHER-ROOT
mse_6s46whjzghew9w08	lifecycle-edges
mse_75r7hmeqxjaas97n	OTHER-ROOT
mse_7thr675q235n2161	docs-lifecycle
mse_8392b2vme5pgvr55	topic-vocabulary
mse_888p3x61z0kev9cp	OTHER-ROOT
mse_9fv6g3ma2xpzczjz	lifecycle-edges
mse_9r00krq403dsmdnq	OTHER-ROOT
mse_9xfpvhqrm44jedce	OTHER-ROOT
mse_a0mbycf08bfp7p8x	lifecycle-edges
mse_aaf70nt2cme37439	lifecycle-edges
mse_ad6fgzpnqe10j91c	lifecycle-edges
mse_b1q6bjqv5w1zyn2k	SEED-WIDE
mse_b95ahk5wz1pzeedn	topic-vocabulary
mse_bx4zjr3cy79w7jme	OTHER-ROOT
mse_bz03mjc3mvxk8t68	OTHER-ROOT
mse_c34tddektr8x3t27	topic-vocabulary
mse_c3a4z35t4m4rjf1n	lifecycle-edges
mse_c86qbwe1xp2sctq3	OTHER-ROOT
mse_dc48xabd9c2gg6pa	OTHER-ROOT
mse_dqwvb8gxnn88ch3b	lifecycle-edges
mse_efeqfyaf40w6dvj7	lifecycle-edges
mse_f15dhdn52ytwgy5k	test-suite
mse_f8qh5388msxbd0mn	docs-lifecycle
mse_fdvkdmq9mvfg9bv0	topic-vocabulary
mse_fh4sp1twn0w662jb	test-suite
mse_fsdq53qa5ak68xqh	lifecycle-edges
mse_fx8e2z5vpptfxvf8	lifecycle-edges
mse_g1ntzqqkwdht2b15	test-suite
mse_gerb0g4ax513jcm4	OTHER-ROOT
mse_gtn504wfjt3c34p6	OTHER-ROOT
mse_gymjttp497nvahnw	topic-vocabulary
mse_h297nf3qghp7ysyk	OTHER-ROOT
mse_h4tfxhfzcm40em0x	OTHER-ROOT
mse_h95qjk483b0ga8r8	lifecycle-edges
mse_hxz9sjqsbj0wx2nc	topic-vocabulary
mse_j55kt6mq230zj2p4	lifecycle-edges
mse_jgppt40tm13wk9yk	lifecycle-edges
mse_jkfnrc6r9jwr353k	lifecycle-edges
mse_jqpmdemhxa2pv380	topic-vocabulary
mse_jz0pwv0ngzzxr484	topic-vocabulary
mse_k6bv01p72n121eec	test-suite
mse_kdhw53hzp4nh8wwm	OTHER-ROOT
mse_kdtas1ae28tk3x3j	topic-vocabulary
mse_ke0f6x2v8zmd3yrf	topic-vocabulary
mse_ksp4agbh7rpn21wq	OTHER-ROOT
mse_kys1ygxq2sxcnfbs	topic-vocabulary
mse_mr0dhy4s09wcsf9v	docs-lifecycle
mse_n1kke4khqa2rw645	test-suite
mse_n8yj9v0yv2jyg37a	OTHER-ROOT
mse_nj92736b1vfzmhez	lifecycle-edges
mse_ntkt6m0pqd0g8c9j	docs-lifecycle
mse_nzf2pfkwnehx5b70	OTHER-ROOT
mse_p4xd3wqf214nqtmv	lifecycle-edges
mse_p62d4y4df0d8pz4x	lifecycle-edges
mse_p6rzcmftzt6ga9pm	OTHER-ROOT
mse_pndcc168895x59ex	lifecycle-edges
mse_ptqkjznweyy1qefc	topic-vocabulary
mse_q46hv7m7x3b2j1zg	lifecycle-edges
mse_qgc90wxjngj6ss11	test-suite
mse_qgj4wmmjm0p5axte	OTHER-ROOT
mse_qr4m514ad0ajrt1n	lifecycle-edges
mse_qv549zxf8wtmaamg	test-suite
mse_r1kqge2jnv7w9mwp	topic-vocabulary
mse_rn6fbgb7z90ng7jy	OTHER-ROOT
mse_rx13gpyr398vh0gf	topic-vocabulary
mse_s0kh1h39kzdgyk38	topic-vocabulary
mse_s0rh0b60tv8ssjzd	docs-lifecycle
mse_s2v8qjc51hx0zp65	topic-vocabulary
mse_s71wpg0bwqck6cy0	topic-vocabulary
mse_sb631pxd2yf10x9n	docs-lifecycle
mse_scrxc2q4m4k6xsz4	lifecycle-edges
mse_sdh0v1jsgxaamax5	test-suite
mse_skcmezqbxxh5dtp6	OTHER-ROOT
mse_smz281cjrvh1j22d	lifecycle-edges
mse_sp421s7cxtrbfqha	OTHER-ROOT
mse_te4e7yvt571nkh16	OTHER-ROOT
mse_ttym9avz2hhf7s6s	topic-vocabulary
mse_tv2hja047a9az5fw	topic-vocabulary
mse_tx1c338ca1ybr666	docs-lifecycle
mse_tyj5wy264y84rhnf	SEED-WIDE
mse_v9stt3nxkg7s4m84	OTHER-ROOT
mse_vy8tq90rr4br8a0z	topic-vocabulary
mse_w2fk7qnx4t9b3vmh	OTHER-ROOT
mse_wj0rjzw49kyj4kxs	topic-vocabulary
mse_wj8p66t3v1pbpzth	topic-vocabulary
mse_wq9mynw3bmqrh7hn	SEED-WIDE
mse_x1ha2e26md3q83zv	SEED-WIDE
mse_x4ek3tdcpkcpkkra	lifecycle-edges
mse_x4hxjf88v3vns5sp	OTHER-ROOT
mse_xc3f1we7p4808mra	topic-vocabulary
mse_xfbcr3n4vet62hmh	lifecycle-edges
mse_xje157km2m3rfzv0	OTHER-ROOT
mse_y8eds7vvbcshxvcp	OTHER-ROOT
mse_ys6bsx9spwja7yfy	OTHER-ROOT
mse_z110ha6vj0zx354s	topic-vocabulary
mse_z7rfq8x5qjfbyzdc	SEED-WIDE
mse_zcmnjhax0k4w6nk5	topic-vocabulary
mse_zdw5vvvazqcac1ky	OTHER-ROOT
mse_zq69mbr57qnppm36	SEED-WIDE
mse_zwsfxe97yndqf8pr	SEED-WIDE
