mse_0s72ejyxnympz5mw	NONE
mse_1gjtkr5nny843rx2	topbar
mse_1ryp0gf7vhqyhkdf	TRACE-WIDE
mse_1xexde5bhezse690	panes
mse_3e63pfckz4rzkw25	trail
mse_3rm3qwn3sentg8xp	trace-harness
mse_42xwbxbv50phwb6b	TRACE-WIDE
mse_59de3twd1d369wy1	NONE
mse_5q0z6rgfwwgzj0zs	trace-harness
mse_5x149cwk9z49x9fs	topbar
mse_7a4k2xkra5cgb478	NONE
mse_7s0y6pyk4bt70y1e	NONE
mse_7twxefmtphr30604	TRACE-WIDE
mse_8wq2vnr5tkxm3jhc	NONE
mse_9wsn23n3k8txnm2m	trail
mse_9xfpvhqrm44jedce	inspector
mse_9yqgtyn0hvdrjf0e	trace-harness
mse_a0bxp5n1wcnsjxvw	NONE
mse_a20fkg47qz07nsc8	NONE
mse_a6aay3h1m8dpe15c	panes
mse_av81ew76vbtyezwc	graph
mse_b4d0npvjmznd1evs	TRACE-WIDE
mse_bftnd96rvxb6vbh3	NONE
mse_c7fk4wq9xrn2tvhb	graph
mse_c7t7a609yvr1bzgy	TRACE-WIDE
mse_cdndmm2p0dmbkbq9	panes
mse_cwnx1w43rd691aqh	TRACE-WIDE
mse_cz735tsd1z96yc46	settings
mse_d5rq9wkx3n7t1vjb	TRACE-WIDE
mse_de179b4x508f5pws	NONE
mse_e2vh8bqt4x0w6ljd	trace-cache
mse_e9ftlqppckuo2ptw	topbar
mse_eaxj1wwfse1weh18	TRACE-WIDE
mse_emv963patckeftx8	panes
mse_etm5m5682sseasgm	NONE
mse_fdt9nfjrtfep0d7z	diagram-view
mse_g4ear2p6fdm1pbnp	NONE
mse_gsqy74hz2652y0vj	diagram-view
mse_gtn504wfjt3c34p6	trace-cache
mse_gyrdzvd2wj3qhj51	TRACE-WIDE
mse_h8tn4qkw2v6x9rdj	TRACE-WIDE
mse_j4wn8rqk2t6x0vhs	NONE
mse_jyy10crh6wyzrr22	NONE
mse_k2188xq5evwmdny9	NONE
mse_ka0qpy31eq42cnf2	TRACE-WIDE
mse_kq3ba0cy9nkpqkm0	NONE
mse_ktw9r3nq5bvx2plm	trace-cache
mse_loe4c3vbaeeq22dt	NONE
mse_mazbt6cek8m8a6st	NONE
mse_mkxdvaxvw99dz4s0	NONE
mse_n8xv3qtw6k2m5rcj	trace-harness
mse_ndh71vxkzt82ax6r	trail
mse_p4fdqkjw62gtqabj	NONE
mse_p6wk2vtx8n4r0qjc	trail
mse_p8s3vqe1m6yjt4hk	panes
mse_pg4wbb7gxxs4p7b1	trail
mse_qgc90wxjngj6ss11	NONE
mse_rqyj0ihl4whwqj19	TRACE-WIDE
mse_rsjbgk4qnyrtvv09	NONE
mse_sewpap8b4q6sb0zj	TRACE-WIDE
mse_skpkqx0hhkw6ve4f	trace-cache
mse_smz281cjrvh1j22d	TRACE-WIDE
mse_sp421s7cxtrbfqha	trace-harness
mse_srcvaz87r5wq244p	NONE
mse_sxyp8xf0v84d07w6	TRACE-WIDE
mse_t9kx4wqv7n2r0jhc	topbar
mse_tttwp31gjv8g409d	trace-harness
mse_txvnzgxx1gkw0br1	NONE
mse_v3qd8xnk5t7w2mfh	trail
mse_wnbpwewm6h07t9kp	NONE
mse_wsp03dkgg693vhdm	NONE
mse_wvz8qtkgjcwfwzej	panes
mse_x3sp2m5r0qatmtcn	TRACE-WIDE
mse_x8v8hw00cpj1sm5q	NONE
mse_xdzsgmsezqt3tjd0	NONE
mse_xeg5dfcrkpm4zmm3	NONE
mse_xje157km2m3rfzv0	NONE
mse_y9q4bnv2yckk6w74	NONE
mse_y9ths7v3e9b0vz7k	navigation
