mse_xcsvhpw3bncdxq20	bugfix
mse_e9ftlqppckuo2ptw	bugfix
mse_ka0qpy31eq42cnf2	ui-design
mse_v3q8dwm2knzp61tr	proposal-lifecycle
mse_y5jm8xanq2r7v0ce	ui-design
mse_q4tv7xw0hn2m9dzr	ui-design
mse_t1hx9smq6w3e8rfk	ui-design
mse_r2gc7ply4v8k1xsn	ui-design
mse_e2vh8bqt4x0w6ljd	git-workflow
mse_loe4c3vbaeeq22dt	proposal-lifecycle
mse_p6wk2vtx8n4r0qjc	ui-design
mse_v3qd8xnk5t7w2mfh	ui-design
mse_d5rq9wkx3n7t1vjb	merge
mse_n8xv3qtw6k2m5rcj	proposal-lifecycle
mse_t9kx4wqv7n2r0jhc	bugfix
mse_f5nq8xwv3t6r1jkc	proposal-lifecycle
mse_ktm370ahfwt8ttd2	bugfix
mse_etm5m5682sseasgm	release-packaging
mse_kq3ba0cy9nkpqkm0	merge
mse_xdzsgmsezqt3tjd0	proposal-lifecycle
mse_6dzkmp53e35rkzts	ui-design
mse_hhq3rehjhdxxw0y4	ui-design
mse_p4tj8rw2mzvq6k1e	git-workflow
mse_v3k9dnq8rw2mzp6t	ui-design
mse_8wq2vnr5tkxm3jhc	documentation
mse_c7fk4wq9xrn2tvhb	bugfix
mse_0djqrdfpjwfaa3d2	ui-design
mse_y3bbadxamz0gntfy	bugfix
mse_skpkqx0hhkw6ve4f	bugfix
mse_1gjtkr5nny843rx2	ui-design
mse_bq1x6drw6j7wy39n	ui-design
mse_c70ze3saqsw6mcme	release
mse_vqrefk31fpj02jwb	performance
mse_4av5twf24m6xy7br	performance
mse_txvnzgxx1gkw0br1	proposal-lifecycle
mse_bftnd96rvxb6vbh3	proposal-lifecycle
mse_eaxj1wwfse1weh18	documentation
mse_7twxefmtphr30604	merge
mse_8q7xccvk52812kve	bugfix
mse_5x149cwk9z49x9fs	ui-design
mse_d24ne1dvfa3j7sy2	bugfix
mse_a20fkg47qz07nsc8	changelog
mse_wv9pzg6ayy0wa61j	ui-design
mse_74fb71s2cdrwqrqp	ui-design
mse_29nz4gff2rct0mt3	ui-design
mse_aja6sm9019315yh1	bugfix
mse_cwnx1w43rd691aqh	ui-design
mse_sxyp8xf0v84d07w6	ui-design
mse_j3cter1s020d55mh	ui-design
mse_wea84bvvv52mcy6e	ui-design
mse_f8ywqzzwke72rdv0	ui-design
mse_y9ths7v3e9b0vz7k	ui-design
mse_81s84hmztx3ayqww	performance
mse_c7t7a609yvr1bzgy	ui-design
mse_ndh71vxkzt82ax6r	ui-design
mse_6bmkhqwaax1wh0z3	ui-design
mse_2pgcs90wcbhhk2kc	ui-design
mse_cz735tsd1z96yc46	ui-design
mse_pg4wbb7gxxs4p7b1	ui-design
mse_3rm3qwn3sentg8xp	ui-design
mse_emv963patckeftx8	ui-design
mse_y9q4bnv2yckk6w74	proposal-lifecycle
mse_59de3twd1d369wy1	bugfix
mse_b7jq04zhmc059v4n	ui-design
mse_tttwp31gjv8g409d	bugfix
mse_86mvcfdmcfjqmrvv	ui-design
mse_sqzm8bg83adw2nc7	ui-design
mse_sewpap8b4q6sb0zj	ui-design
mse_v5xk4qx6a9638hgn	bugfix
mse_cdndmm2p0dmbkbq9	bugfix
mse_h5px369qpnyvm6yq	bugfix
mse_3gg9grc7ecrj7a6j	ui-design
mse_g3c3tamy9d449w79	bugfix
mse_h9tq5r49000nc7eq	bugfix
mse_xpqy4kxjevdd8ehj	bugfix
mse_qyp5p2w8z1gtmb37	ui-design
mse_kwm61z11k5336fq4	git-workflow