mse_xcsvhpw3bncdxq20	trace-cache
mse_e9ftlqppckuo2ptw	TRACE-WIDE
mse_ka0qpy31eq42cnf2	TRACE-WIDE
mse_v3q8dwm2knzp61tr	trail
mse_y5jm8xanq2r7v0ce	trail
mse_q4tv7xw0hn2m9dzr	trail
mse_t1hx9smq6w3e8rfk	trail
mse_r2gc7ply4v8k1xsn	trail
mse_e2vh8bqt4x0w6ljd	TRACE-WIDE
mse_loe4c3vbaeeq22dt	NONE
mse_p6wk2vtx8n4r0qjc	TRACE-WIDE
mse_v3qd8xnk5t7w2mfh	TRACE-WIDE
mse_d5rq9wkx3n7t1vjb	TRACE-WIDE
mse_n8xv3qtw6k2m5rcj	NONE
mse_t9kx4wqv7n2r0jhc	TRACE-WIDE
mse_f5nq8xwv3t6r1jkc	trace-harness
mse_ktm370ahfwt8ttd2	trail
mse_etm5m5682sseasgm	NONE
mse_kq3ba0cy9nkpqkm0	NONE
mse_xdzsgmsezqt3tjd0	NONE
mse_6dzkmp53e35rkzts	trail
mse_hhq3rehjhdxxw0y4	trail
mse_p4tj8rw2mzvq6k1e	trail
mse_v3k9dnq8rw2mzp6t	trail
mse_8wq2vnr5tkxm3jhc	lifecycle-edges
mse_c7fk4wq9xrn2tvhb	seed-other
mse_0djqrdfpjwfaa3d2	trail
mse_y3bbadxamz0gntfy	trace-cache
mse_skpkqx0hhkw6ve4f	seed-other
mse_1gjtkr5nny843rx2	TRACE-WIDE
mse_bq1x6drw6j7wy39n	trail
mse_c70ze3saqsw6mcme	trace-cache
mse_vqrefk31fpj02jwb	trace-cache
mse_4av5twf24m6xy7br	trace-cache
mse_txvnzgxx1gkw0br1	NONE
mse_bftnd96rvxb6vbh3	NONE
mse_eaxj1wwfse1weh18	TRACE-WIDE
mse_7twxefmtphr30604	TRACE-WIDE
mse_8q7xccvk52812kve	trace-cache
mse_5x149cwk9z49x9fs	trace-api
mse_d24ne1dvfa3j7sy2	trace-cache
mse_a20fkg47qz07nsc8	NONE
mse_wv9pzg6ayy0wa61j	inspector
mse_74fb71s2cdrwqrqp	trail
mse_29nz4gff2rct0mt3	trail
mse_aja6sm9019315yh1	graph
mse_cwnx1w43rd691aqh	TRACE-WIDE
mse_sxyp8xf0v84d07w6	trail
mse_j3cter1s020d55mh	trail
mse_wea84bvvv52mcy6e	trail
mse_f8ywqzzwke72rdv0	trail
mse_y9ths7v3e9b0vz7k	TRACE-WIDE
mse_81s84hmztx3ayqww	trace-cache
mse_c7t7a609yvr1bzgy	TRACE-WIDE
mse_ndh71vxkzt82ax6r	NONE
mse_6bmkhqwaax1wh0z3	trail
mse_2pgcs90wcbhhk2kc	trail
mse_cz735tsd1z96yc46	TRACE-WIDE
mse_pg4wbb7gxxs4p7b1	TRACE-WIDE
mse_3rm3qwn3sentg8xp	NONE
mse_emv963patckeftx8	TRACE-WIDE
mse_y9q4bnv2yckk6w74	NONE
mse_59de3twd1d369wy1	NONE
mse_b7jq04zhmc059v4n	trace-harness
mse_tttwp31gjv8g409d	TRACE-WIDE
mse_86mvcfdmcfjqmrvv	diagram-view
mse_sqzm8bg83adw2nc7	graph
mse_sewpap8b4q6sb0zj	TRACE-WIDE
mse_v5xk4qx6a9638hgn	graph
mse_cdndmm2p0dmbkbq9	trail
mse_h5px369qpnyvm6yq	trail
mse_3gg9grc7ecrj7a6j	diagram-view
mse_g3c3tamy9d449w79	diagram-view
mse_h9tq5r49000nc7eq	trace-cache
mse_xpqy4kxjevdd8ehj	trace-cache
mse_qyp5p2w8z1gtmb37	graph
mse_kwm61z11k5336fq4	trace-harness